Workbook

Sheet Summary
A1: Pakistan COVID-19 — Data Analysis Report
A2: ="Data period: "&TEXT(Daily!A5,"d mmm yyyy")&" – "&TEXT(Daily!A103,"d mmm yyyy")&" · "&COUNT(Daily!A5:A103)&" calendar days · "&TEXT(COUNTA(Data!$A$2:$A$2797),"#,##0")&" case records · source: PK_COVID_Dashboard.xlsx (Clean sheet)" -> Data period: 26 Feb 2020 – 3 Jun 2020 · 99 calendar days · 2,796 case records · source: PK_COVID_Dashboard.xlsx (Clean sheet)
A4: TOTAL CASES | C4: TOTAL DEATHS | E4: RECOVERED | G4: ACTIVE CASES
A5: =SUM(Data!$B$2:$B$2797) -> 83985 | C5: =SUM(Data!$C$2:$C$2797) -> 1728 | E5: =SUM(Data!$D$2:$D$2797) -> 24753 | G5: =A5-C5-E5 -> 57504
A6: confirmed | C6: reported | E6: reported (under-counted) | G6: derived: cases − deaths − recovered
A8: CASE FATALITY RATE | C8: REPORTED RECOVERY RATE | E8: PEAK SINGLE DAY | G8: LATEST 7-DAY AVERAGE
A9: =C5/A5 -> 0.020575103 | C9: =E5/A5 -> 0.2947312 | E9: =MAX(Daily!$C$5:$C$103) -> 4677 | G9: =Daily!J103 -> 3374
A10: deaths ÷ cases (crude) | C10: recovered ÷ cases | E10: =TEXT(INDEX(Daily!$A$5:$A$103,MATCH(E9,Daily!$C$5:$C$103,0)),"d mmm yyyy") -> 3 Jun 2020 | G10: =TEXT(Daily!A103,"d mmm yyyy")&" · cases per day" -> 3 Jun 2020 · cases per day
A12: Key findings
A13: ="1. Scale — "&TEXT(A5,"#,##0")&" confirmed cases and "&TEXT(C5,"#,##0")&" deaths in "&COUNT(Daily!A5:A103)&" days: a crude fatality rate of "&TEXT(A9,"0.00%")&", averaging "&TEXT(A5/COUNT(Daily!A5:A103),"#,##0")&" new cases a day." -> 1. Scale — 83,985 confirmed cases and 1,728 deaths in 99 days: a crude fatality rate of 2.06%, averaging 848 new cases a day.
A14: ="2. Momentum — the 7-day average reached "&TEXT(G9,"#,##0")&" cases a day on "&TEXT(Daily!A103,"d mmm")&", "&TEXT(Daily!M103,"+0%;-0%")&" on a week earlier. "&IF(INDEX(Daily!$A$5:$A$103,MATCH(E9,Daily!$C$5:$C$103,0))=Daily!A103,"The highest single day ("&TEXT(E9,"#,##0")&") is the last day in the data, so the outbreak had not peaked.","The highest single day was "&TEXT(E9,"#,##0")&".") -> 2. Momentum — the 7-day average reached 3,374 cases a day on 3 Jun, +81% on a week earlier. The highest single day (4,677) is the last day in the data, so the outbreak had not peaked.
A15: ="3. Timing — May alone produced "&TEXT(Monthly!I8,"0%")&" of all cases ("&TEXT(Monthly!F8,"#,##0")&" a day vs "&TEXT(Monthly!F7,"#,##0")&" in April). Early-surge cases doubled roughly every "&TEXT(Statistics!G52,"0.0")&" days ("&TEXT(Statistics!B52,"d mmm")&" – "&TEXT(Statistics!C52,"d mmm")&"); the daily growth rate then slowed to "&TEXT(Statistics!F53,"0.0%")&" in the peak phase." -> 3. Timing — May alone produced 65% of all cases (1,769 a day vs 480 in April). Early-surge cases doubled roughly every 10.1 days (15 Mar – 30 Apr); the daily growth rate then slowed to 3.1% in the peak phase.
A16: ="4. Geography — "&Province!A5&" and "&Province!A6&" together account for "&TEXT(Province!F5+Province!F6,"0%")&" of cases; "&City!B5&" and "&City!B6&" alone make up "&TEXT(City!H6,"0%")&", and the top five cities "&TEXT(City!H9,"0%")&"." -> 4. Geography — Sindh and Punjab together account for 76% of cases; Karachi and Lahore alone make up 68%, and the top five cities 84%.
A17: ="5. Mortality — "&Province!B15&" has the highest CFR among provinces with "&TEXT(Province!B14,"#,##0")&"+ cases ("&TEXT(Province!C15,"0.0%")&", "&TEXT(Province!C15/Province!H13,"0.0")&"× the national rate): "&TEXT(INDEX(Province!G5:G12,MATCH(Province!B15,Province!A5:A12,0)),"0%")&" of deaths from "&TEXT(INDEX(Province!F5:F12,MATCH(Province!B15,Province!A5:A12,0)),"0%")&" of cases." -> 5. Mortality — Khyber Pakhtunkhwa has the highest CFR among provinces with 1,000+ cases (4.6%, 2.2× the national rate): 27% of deaths from 12% of cases.
A18: ="6. Source of infection — "&TEXT(Travel!D24,"0.0%")&" of cases are recorded as local transmission, "&TEXT(Travel!D27,"0.0%")&" have no known source, "&TEXT(Travel!D25,"0.0%")&" are tied to clusters (Tableeghi Jamaat, jail) and only "&TEXT(Travel!D26,"0.0%")&" to travel." -> 6. Source of infection — 93.0% of cases are recorded as local transmission, 4.1% have no known source, 1.5% are tied to clusters (Tableeghi Jamaat, jail) and only 1.4% to travel.
A19: ="7. Cases and deaths move together — daily deaths correlate with daily cases at r = "&TEXT(Statistics!B39,"0.00")&" on the same day and "&TEXT(Statistics!B46,"0.00")&" at a "&Statistics!A46&"-day lag. Both series rise together, so the data cannot isolate the reporting delay; treat as indicative only." -> 7. Cases and deaths move together — daily deaths correlate with daily cases at r = 0.93 on the same day and 0.81 at a 14-day lag. Both series rise together, so the data cannot isolate the reporting delay; treat as indicative only.
A20: ="8. Data caveat — among provinces with "&TEXT(Province!B14,"#,##0")&"+ cases, reported recovery rates range from "&TEXT(Province!B16,"0%")&" to "&TEXT(Province!C16,"0%")&". That spread reflects uneven reporting, so recoveries and Active Cases ("&TEXT(G5,"#,##0")&") are unreliable; cases and deaths are the dependable measures." -> 8. Data caveat — among provinces with 1,000+ cases, reported recovery rates range from 13% to 48%. That spread reflects uneven reporting, so recoveries and Active Cases (57,504) are unreliable; cases and deaths are the dependable measures.
A22: Implications
A23: • Monitor the 7-day average, not single days: daily counts swing widely and the series was still climbing at the end of the data.
A24: • Concentrate response capacity on the two big-city clusters (Karachi, Lahore) — together they hold well over half of all cases.
A25: • Review clinical capacity and case management in the province with the highest fatality rate; its deaths are out of proportion to its case count.
A26: • Standardise recovery reporting across provinces before using Active Cases or recovery rates for planning.
A27: • Treat the recorded source-of-infection field with caution: most cases default to "local", so it says little about how outbreaks start.

Sheet Daily
A1: Daily trend
A2: One row per calendar day (days with no reported records are shown as zero). All values are formulas on the Data sheet.
A4: Date | B4: Day | C4: Daily cases | D4: Daily deaths | E4: Daily recovered | F4: Cumulative cases | G4: Cumulative deaths | H4: Cumulative recovered | I4: Active cases | J4: 7-day avg cases | K4: 7-day avg deaths | L4: Cumulative CFR | M4: Week-on-week change (7-day avg) | N4: Day index | O4: Ln(7-day avg cases) | P4: Records
A5: =MIN(Data!$A$2:$A$2797) -> 43887 | B5: =CHOOSE(WEEKDAY(A5,2),"Mon","Tue","Wed","Thu","Fri","Sat","Sun") -> Wed | C5: =SUMIFS(Data!$B$2:$B$2797,Data!$A$2:$A$2797,A5) -> 3 | D5: =SUMIFS(Data!$C$2:$C$2797,Data!$A$2:$A$2797,A5) -> 0 | E5: =SUMIFS(Data!$D$2:$D$2797,Data!$A$2:$A$2797,A5) -> 0 | F5: =SUM($C$5:C5) -> 3 | G5: =SUM($D$5:D5) -> 0 | H5: =SUM($E$5:E5) -> 0 | I5: =F5-G5-H5 -> 3 | L5: =IF(F5>0,G5/F5,0) -> 0 | N5: =A5-$A$5 -> 0 | P5: =COUNTIF(Data!$A$2:$A$2797,A5) -> 2
A6: =A5+1 -> 43888 | B6: =CHOOSE(WEEKDAY(A6,2),"Mon","Tue","Wed","Thu","Fri","Sat","Sun") -> Thu | C6: =SUMIFS(Data!$B$2:$B$2797,Data!$A$2:$A$2797,A6) -> 0 | D6: =SUMIFS(Data!$C$2:$C$2797,Data!$A$2:$A$2797,A6) -> 0 | E6: =SUMIFS(Data!$D$2:$D$2797,Data!$A$2:$A$2797,A6) -> 0 | F6: =SUM($C$5:C6) -> 3 | G6: =SUM($D$5:D6) -> 0 | H6: =SUM($E$5:E6) -> 0 | I6: =F6-G6-H6 -> 3 | L6: =IF(F6>0,G6/F6,0) -> 0 | N6: =A6-$A$5 -> 1 | P6: =COUNTIF(Data!$A$2:$A$2797,A6) -> 0
A7: =A6+1 -> 43889 | B7: =CHOOSE(WEEKDAY(A7,2),"Mon","Tue","Wed","Thu","Fri","Sat","Sun") -> Fri | C7: =SUMIFS(Data!$B$2:$B$2797,Data!$A$2:$A$2797,A7) -> 0 | D7: =SUMIFS(Data!$C$2:$C$2797,Data!$A$2:$A$2797,A7) -> 0 | E7: =SUMIFS(Data!$D$2:$D$2797,Data!$A$2:$A$2797,A7) -> 0 | F7: =SUM($C$5:C7) -> 3 | G7: =SUM($D$5:D7) -> 0 | H7: =SUM($E$5:E7) -> 0 | I7: =F7-G7-H7 -> 3 | L7: =IF(F7>0,G7/F7,0) -> 0 | N7: =A7-$A$5 -> 2 | P7: =COUNTIF(Data!$A$2:$A$2797,A7) -> 0
A8: =A7+1 -> 43890 | B8: =CHOOSE(WEEKDAY(A8,2),"Mon","Tue","Wed","Thu","Fri","Sat","Sun") -> Sat | C8: =SUMIFS(Data!$B$2:$B$2797,Data!$A$2:$A$2797,A8) -> 2 | D8: =SUMIFS(Data!$C$2:$C$2797,Data!$A$2:$A$2797,A8) -> 0 | E8: =SUMIFS(Data!$D$2:$D$2797,Data!$A$2:$A$2797,A8) -> 0 | F8: =SUM($C$5:C8) -> 5 | G8: =SUM($D$5:D8) -> 0 | H8: =SUM($E$5:E8) -> 0 | I8: =F8-G8-H8 -> 5 | L8: =IF(F8>0,G8/F8,0) -> 0 | N8: =A8-$A$5 -> 3 | P8: =COUNTIF(Data!$A$2:$A$2797,A8) -> 2
A9: =A8+1 -> 43891 | B9: =CHOOSE(WEEKDAY(A9,2),"Mon","Tue","Wed","Thu","Fri","Sat","Sun") -> Sun | C9: =SUMIFS(Data!$B$2:$B$2797,Data!$A$2:$A$2797,A9) -> 0 | D9: =SUMIFS(Data!$C$2:$C$2797,Data!$A$2:$A$2797,A9) -> 0 | E9: =SUMIFS(Data!$D$2:$D$2797,Data!$A$2:$A$2797,A9) -> 0 | F9: =SUM($C$5:C9) -> 5 | G9: =SUM($D$5:D9) -> 0 | H9: =SUM($E$5:E9) -> 0 | I9: =F9-G9-H9 -> 5 | L9: =IF(F9>0,G9/F9,0) -> 0 | N9: =A9-$A$5 -> 4 | P9: =COUNTIF(Data!$A$2:$A$2797,A9) -> 0
A10: =A9+1 -> 43892 | B10: =CHOOSE(WEEKDAY(A10,2),"Mon","Tue","Wed","Thu","Fri","Sat","Sun") -> Mon | C10: =SUMIFS(Data!$B$2:$B$2797,Data!$A$2:$A$2797,A10) -> 1 | D10: =SUMIFS(Data!$C$2:$C$2797,Data!$A$2:$A$2797,A10) -> 0 | E10: =SUMIFS(Data!$D$2:$D$2797,Data!$A$2:$A$2797,A10) -> 0 | F10: =SUM($C$5:C10) -> 6 | G10: =SUM($D$5:D10) -> 0 | H10: =SUM($E$5:E10) -> 0 | I10: =F10-G10-H10 -> 6 | L10: =IF(F10>0,G10/F10,0) -> 0 | N10: =A10-$A$5 -> 5 | P10: =COUNTIF(Data!$A$2:$A$2797,A10) -> 1
A11: =A10+1 -> 43893 | B11: =CHOOSE(WEEKDAY(A11,2),"Mon","Tue","Wed","Thu","Fri","Sat","Sun") -> Tue | C11: =SUMIFS(Data!$B$2:$B$2797,Data!$A$2:$A$2797,A11) -> 0 | D11: =SUMIFS(Data!$C$2:$C$2797,Data!$A$2:$A$2797,A11) -> 0 | E11: =SUMIFS(Data!$D$2:$D$2797,Data!$A$2:$A$2797,A11) -> 0 | F11: =SUM($C$5:C11) -> 6 | G11: =SUM($D$5:D11) -> 0 | H11: =SUM($E$5:E11) -> 0 | I11: =F11-G11-H11 -> 6 | J11: =AVERAGE(C5:C11) -> 0.85714286 | K11: =AVERAGE(D5:D11) -> 0 | L11: =IF(F11>0,G11/F11,0) -> 0 | N11: =A11-$A$5 -> 6 | O11: =IF(J11>0,LN(J11),"") -> -0.15415068 | P11: =COUNTIF(Data!$A$2:$A$2797,A11) -> 0
A12: =A11+1 -> 43894 | B12: =CHOOSE(WEEKDAY(A12,2),"Mon","Tue","Wed","Thu","Fri","Sat","Sun") -> Wed | C12: =SUMIFS(Data!$B$2:$B$2797,Data!$A$2:$A$2797,A12) -> 0 | D12: =SUMIFS(Data!$C$2:$C$2797,Data!$A$2:$A$2797,A12) -> 0 | E12: =SUMIFS(Data!$D$2:$D$2797,Data!$A$2:$A$2797,A12) -> 0 | F12: =SUM($C$5:C12) -> 6 | G12: =SUM($D$5:D12) -> 0 | H12: =SUM($E$5:E12) -> 0 | I12: =F12-G12-H12 -> 6 | J12: =AVERAGE(C6:C12) -> 0.42857143 | K12: =AVERAGE(D6:D12) -> 0 | L12: =IF(F12>0,G12/F12,0) -> 0 | N12: =A12-$A$5 -> 7 | O12: =IF(J12>0,LN(J12),"") -> -0.84729786 | P12: =COUNTIF(Data!$A$2:$A$2797,A12) -> 0
A13: =A12+1 -> 43895 | B13: =CHOOSE(WEEKDAY(A13,2),"Mon","Tue","Wed","Thu","Fri","Sat","Sun") -> Thu | C13: =SUMIFS(Data!$B$2:$B$2797,Data!$A$2:$A$2797,A13) -> 0 | D13: =SUMIFS(Data!$C$2:$C$2797,Data!$A$2:$A$2797,A13) -> 0 | E13: =SUMIFS(Data!$D$2:$D$2797,Data!$A$2:$A$2797,A13) -> 0 | F13: =SUM($C$5:C13) -> 6 | G13: =SUM($D$5:D13) -> 0 | H13: =SUM($E$5:E13) -> 0 | I13: =F13-G13-H13 -> 6 | J13: =AVERAGE(C7:C13) -> 0.42857143 | K13: =AVERAGE(D7:D13) -> 0 | L13: =IF(F13>0,G13/F13,0) -> 0 | N13: =A13-$A$5 -> 8 | O13: =IF(J13>0,LN(J13),"") -> -0.84729786 | P13: =COUNTIF(Data!$A$2:$A$2797,A13) -> 0
A14: =A13+1 -> 43896 | B14: =CHOOSE(WEEKDAY(A14,2),"Mon","Tue","Wed","Thu","Fri","Sat","Sun") -> Fri | C14: =SUMIFS(Data!$B$2:$B$2797,Data!$A$2:$A$2797,A14) -> 0 | D14: =SUMIFS(Data!$C$2:$C$2797,Data!$A$2:$A$2797,A14) -> 0 | E14: =SUMIFS(Data!$D$2:$D$2797,Data!$A$2:$A$2797,A14) -> 1 | F14: =SUM($C$5:C14) -> 6 | G14: =SUM($D$5:D14) -> 0 | H14: =SUM($E$5:E14) -> 1 | I14: =F14-G14-H14 -> 5 | J14: =AVERAGE(C8:C14) -> 0.42857143 | K14: =AVERAGE(D8:D14) -> 0 | L14: =IF(F14>0,G14/F14,0) -> 0 | N14: =A14-$A$5 -> 9 | O14: =IF(J14>0,LN(J14),"") -> -0.84729786 | P14: =COUNTIF(Data!$A$2:$A$2797,A14) -> 1
A15: =A14+1 -> 43897 | B15: =CHOOSE(WEEKDAY(A15,2),"Mon","Tue","Wed","Thu","Fri","Sat","Sun") -> Sat | C15: =SUMIFS(Data!$B$2:$B$2797,Data!$A$2:$A$2797,A15) -> 1 | D15: =SUMIFS(Data!$C$2:$C$2797,Data!$A$2:$A$2797,A15) -> 0 | E15: =SUMIFS(Data!$D$2:$D$2797,Data!$A$2:$A$2797,A15) -> 0 | F15: =SUM($C$5:C15) -> 7 | G15: =SUM($D$5:D15) -> 0 | H15: =SUM($E$5:E15) -> 1 | I15: =F15-G15-H15 -> 6 | J15: =AVERAGE(C9:C15) -> 0.28571429 | K15: =AVERAGE(D9:D15) -> 0 | L15: =IF(F15>0,G15/F15,0) -> 0 | N15: =A15-$A$5 -> 10 | O15: =IF(J15>0,LN(J15),"") -> -1.252763 | P15: =COUNTIF(Data!$A$2:$A$2797,A15) -> 1
A16: =A15+1 -> 43898 | B16: =CHOOSE(WEEKDAY(A16,2),"Mon","Tue","Wed","Thu","Fri","Sat","Sun") -> Sun | C16: =SUMIFS(Data!$B$2:$B$2797,Data!$A$2:$A$2797,A16) -> 0 | D16: =SUMIFS(Data!$C$2:$C$2797,Data!$A$2:$A$2797,A16) -> 0 | E16: =SUMIFS(Data!$D$2:$D$2797,Data!$A$2:$A$2797,A16) -> 0 | F16: =SUM($C$5:C16) -> 7 | G16: =SUM($D$5:D16) -> 0 | H16: =SUM($E$5:E16) -> 1 | I16: =F16-G16-H16 -> 6 | J16: =AVERAGE(C10:C16) -> 0.28571429 | K16: =AVERAGE(D10:D16) -> 0 | L16: =IF(F16>0,G16/F16,0) -> 0 | N16: =A16-$A$5 -> 11 | O16: =IF(J16>0,LN(J16),"") -> -1.252763 | P16: =COUNTIF(Data!$A$2:$A$2797,A16) -> 0
A17: =A16+1 -> 43899 | B17: =CHOOSE(WEEKDAY(A17,2),"Mon","Tue","Wed","Thu","Fri","Sat","Sun") -> Mon | C17: =SUMIFS(Data!$B$2:$B$2797,Data!$A$2:$A$2797,A17) -> 9 | D17: =SUMIFS(Data!$C$2:$C$2797,Data!$A$2:$A$2797,A17) -> 0 | E17: =SUMIFS(Data!$D$2:$D$2797,Data!$A$2:$A$2797,A17) -> 0 | F17: =SUM($C$5:C17) -> 16 | G17: =SUM($D$5:D17) -> 0 | H17: =SUM($E$5:E17) -> 1 | I17: =F17-G17-H17 -> 15 | J17: =AVERAGE(C11:C17) -> 1.4285714 | K17: =AVERAGE(D11:D17) -> 0 | L17: =IF(F17>0,G17/F17,0) -> 0 | N17: =A17-$A$5 -> 12 | O17: =IF(J17>0,LN(J17),"") -> 0.35667494 | P17: =COUNTIF(Data!$A$2:$A$2797,A17) -> 2
A18: =A17+1 -> 43900 | B18: =CHOOSE(WEEKDAY(A18,2),"Mon","Tue","Wed","Thu","Fri","Sat","Sun") -> Tue | C18: =SUMIFS(Data!$B$2:$B$2797,Data!$A$2:$A$2797,A18) -> 3 | D18: =SUMIFS(Data!$C$2:$C$2797,Data!$A$2:$A$2797,A18) -> 0 | E18: =SUMIFS(Data!$D$2:$D$2797,Data!$A$2:$A$2797,A18) -> 0 | F18: =SUM($C$5:C18) -> 19 | G18: =SUM($D$5:D18) -> 0 | H18: =SUM($E$5:E18) -> 1 | I18: =F18-G18-H18 -> 18 | J18: =AVERAGE(C12:C18) -> 1.8571429 | K18: =AVERAGE(D12:D18) -> 0 | L18: =IF(F18>0,G18/F18,0) -> 0 | M18: =IF(J11>0,J18/J11-1,"") -> 1.1666667 | N18: =A18-$A$5 -> 13 | O18: =IF(J18>0,LN(J18),"") -> 0.61903921 | P18: =COUNTIF(Data!$A$2:$A$2797,A18) -> 3
A19: =A18+1 -> 43901 | B19: =CHOOSE(WEEKDAY(A19,2),"Mon","Tue","Wed","Thu","Fri","Sat","Sun") -> Wed | C19: =SUMIFS(Data!$B$2:$B$2797,Data!$A$2:$A$2797,A19) -> 1 | D19: =SUMIFS(Data!$C$2:$C$2797,Data!$A$2:$A$2797,A19) -> 0 | E19: =SUMIFS(Data!$D$2:$D$2797,Data!$A$2:$A$2797,A19) -> 1 | F19: =SUM($C$5:C19) -> 20 | G19: =SUM($D$5:D19) -> 0 | H19: =SUM($E$5:E19) -> 2 | I19: =F19-G19-H19 -> 18 | J19: =AVERAGE(C13:C19) -> 2 | K19: =AVERAGE(D13:D19) -> 0 | L19: =IF(F19>0,G19/F19,0) -> 0 | M19: =IF(J12>0,J19/J12-1,"") -> 3.6666667 | N19: =A19-$A$5 -> 14 | O19: =IF(J19>0,LN(J19),"") -> 0.69314718 | P19: =COUNTIF(Data!$A$2:$A$2797,A19) -> 2
A20: =A19+1 -> 43902 | B20: =CHOOSE(WEEKDAY(A20,2),"Mon","Tue","Wed","Thu","Fri","Sat","Sun") -> Thu | C20: =SUMIFS(Data!$B$2:$B$2797,Data!$A$2:$A$2797,A20) -> 1 | D20: =SUMIFS(Data!$C$2:$C$2797,Data!$A$2:$A$2797,A20) -> 0 | E20: =SUMIFS(Data!$D$2:$D$2797,Data!$A$2:$A$2797,A20) -> 0 | F20: =SUM($C$5:C20) -> 21 | G20: =SUM($D$5:D20) -> 0 | H20: =SUM($E$5:E20) -> 2 | I20: =F20-G20-H20 -> 19 | J20: =AVERAGE(C14:C20) -> 2.1428571 | K20: =AVERAGE(D14:D20) -> 0 | L20: =IF(F20>0,G20/F20,0) -> 0 | M20: =IF(J13>0,J20/J13-1,"") -> 4 | N20: =A20-$A$5 -> 15 | O20: =IF(J20>0,LN(J20),"") -> 0.76214005 | P20: =COUNTIF(Data!$A$2:$A$2797,A20) -> 1
A21: =A20+1 -> 43903 | B21: =CHOOSE(WEEKDAY(A21,2),"Mon","Tue","Wed","Thu","Fri","Sat","Sun") -> Fri | C21: =SUMIFS(Data!$B$2:$B$2797,Data!$A$2:$A$2797,A21) -> 9 | D21: =SUMIFS(Data!$C$2:$C$2797,Data!$A$2:$A$2797,A21) -> 0 | E21: =SUMIFS(Data!$D$2:$D$2797,Data!$A$2:$A$2797,A21) -> 1 | F21: =SUM($C$5:C21) -> 30 | G21: =SUM($D$5:D21) -> 0 | H21: =SUM($E$5:E21) -> 3 | I21: =F21-G21-H21 -> 27 | J21: =AVERAGE(C15:C21) -> 3.4285714 | K21: =AVERAGE(D15:D21) -> 0 | L21: =IF(F21>0,G21/F21,0) -> 0 | M21: =IF(J14>0,J21/J14-1,"") -> 7 | N21: =A21-$A$5 -> 16 | O21: =IF(J21>0,LN(J21),"") -> 1.2321437 | P21: =COUNTIF(Data!$A$2:$A$2797,A21) -> 3
A22: =A21+1 -> 43904 | B22: =CHOOSE(WEEKDAY(A22,2),"Mon","Tue","Wed","Thu","Fri","Sat","Sun") -> Sat | C22: =SUMIFS(Data!$B$2:$B$2797,Data!$A$2:$A$2797,A22) -> 0 | D22: =SUMIFS(Data!$C$2:$C$2797,Data!$A$2:$A$2797,A22) -> 0 | E22: =SUMIFS(Data!$D$2:$D$2797,Data!$A$2:$A$2797,A22) -> 0 | F22: =SUM($C$5:C22) -> 30 | G22: =SUM($D$5:D22) -> 0 | H22: =SUM($E$5:E22) -> 3 | I22: =F22-G22-H22 -> 27 | J22: =AVERAGE(C16:C22) -> 3.2857143 | K22: =AVERAGE(D16:D22) -> 0 | L22: =IF(F22>0,G22/F22,0) -> 0 | M22: =IF(J15>0,J22/J15-1,"") -> 10.5 | N22: =A22-$A$5 -> 17 | O22: =IF(J22>0,LN(J22),"") -> 1.1895841 | P22: =COUNTIF(Data!$A$2:$A$2797,A22) -> 0
A23: =A22+1 -> 43905 | B23: =CHOOSE(WEEKDAY(A23,2),"Mon","Tue","Wed","Thu","Fri","Sat","Sun") -> Sun | C23: =SUMIFS(Data!$B$2:$B$2797,Data!$A$2:$A$2797,A23) -> 34 | D23: =SUMIFS(Data!$C$2:$C$2797,Data!$A$2:$A$2797,A23) -> 1 | E23: =SUMIFS(Data!$D$2:$D$2797,Data!$A$2:$A$2797,A23) -> 0 | F23: =SUM($C$5:C23) -> 64 | G23: =SUM($D$5:D23) -> 1 | H23: =SUM($E$5:E23) -> 3 | I23: =F23-G23-H23 -> 60 | J23: =AVERAGE(C17:C23) -> 8.1428571 | K23: =AVERAGE(D17:D23) -> 0.14285714 | L23: =IF(F23>0,G23/F23,0) -> 0.015625 | M23: =IF(J16>0,J23/J16-1,"") -> 27.5 | N23: =A23-$A$5 -> 18 | O23: =IF(J23>0,LN(J23),"") -> 2.0971411 | P23: =COUNTIF(Data!$A$2:$A$2797,A23) -> 5
A24: =A23+1 -> 43906 | B24: =CHOOSE(WEEKDAY(A24,2),"Mon","Tue","Wed","Thu","Fri","Sat","Sun") -> Mon | C24: =SUMIFS(Data!$B$2:$B$2797,Data!$A$2:$A$2797,A24) -> 151 | D24: =SUMIFS(Data!$C$2:$C$2797,Data!$A$2:$A$2797,A24) -> 0 | E24: =SUMIFS(Data!$D$2:$D$2797,Data!$A$2:$A$2797,A24) -> 1 | F24: =SUM($C$5:C24) -> 215 | G24: =SUM($D$5:D24) -> 1 | H24: =SUM($E$5:E24) -> 4 | I24: =F24-G24-H24 -> 210 | J24: =AVERAGE(C18:C24) -> 28.428571 | K24: =AVERAGE(D18:D24) -> 0.14285714 | L24: =IF(F24>0,G24/F24,0) -> 0.0046511628 | M24: =IF(J17>0,J24/J17-1,"") -> 18.9 | N24: =A24-$A$5 -> 19 | O24: =IF(J24>0,LN(J24),"") -> 3.3473947 | P24: =COUNTIF(Data!$A$2:$A$2797,A24) -> 7
A25: =A24+1 -> 43907 | B25: =CHOOSE(WEEKDAY(A25,2),"Mon","Tue","Wed","Thu","Fri","Sat","Sun") -> Tue | C25: =SUMIFS(Data!$B$2:$B$2797,Data!$A$2:$A$2797,A25) -> 52 | D25: =SUMIFS(Data!$C$2:$C$2797,Data!$A$2:$A$2797,A25) -> 0 | E25: =SUMIFS(Data!$D$2:$D$2797,Data!$A$2:$A$2797,A25) -> 0 | F25: =SUM($C$5:C25) -> 267 | G25: =SUM($D$5:D25) -> 1 | H25: =SUM($E$5:E25) -> 4 | I25: =F25-G25-H25 -> 262 | J25: =AVERAGE(C19:C25) -> 35.428571 | K25: =AVERAGE(D19:D25) -> 0.14285714 | L25: =IF(F25>0,G25/F25,0) -> 0.0037453184 | M25: =IF(J18>0,J25/J18-1,"") -> 18.076923 | N25: =A25-$A$5 -> 20 | O25: =IF(J25>0,LN(J25),"") -> 3.5675186 | P25: =COUNTIF(Data!$A$2:$A$2797,A25) -> 8
A26: =A25+1 -> 43908 | B26: =CHOOSE(WEEKDAY(A26,2),"Mon","Tue","Wed","Thu","Fri","Sat","Sun") -> Wed | C26: =SUMIFS(Data!$B$2:$B$2797,Data!$A$2:$A$2797,A26) -> 57 | D26: =SUMIFS(Data!$C$2:$C$2797,Data!$A$2:$A$2797,A26) -> 2 | E26: =SUMIFS(Data!$D$2:$D$2797,Data!$A$2:$A$2797,A26) -> 0 | F26: =SUM($C$5:C26) -> 324 | G26: =SUM($D$5:D26) -> 3 | H26: =SUM($E$5:E26) -> 4 | I26: =F26-G26-H26 -> 317 | J26: =AVERAGE(C20:C26) -> 43.428571 | K26: =AVERAGE(D20:D26) -> 0.42857143 | L26: =IF(F26>0,G26/F26,0) -> 0.0092592593 | M26: =IF(J19>0,J26/J19-1,"") -> 20.714286 | N26: =A26-$A$5 -> 21 | O26: =IF(J26>0,LN(J26),"") -> 3.7711176 | P26: =COUNTIF(Data!$A$2:$A$2797,A26) -> 9
A27: =A26+1 -> 43909 | B27: =CHOOSE(WEEKDAY(A27,2),"Mon","Tue","Wed","Thu","Fri","Sat","Sun") -> Thu | C27: =SUMIFS(Data!$B$2:$B$2797,Data!$A$2:$A$2797,A27) -> 154 | D27: =SUMIFS(Data!$C$2:$C$2797,Data!$A$2:$A$2797,A27) -> 0 | E27: =SUMIFS(Data!$D$2:$D$2797,Data!$A$2:$A$2797,A27) -> 1 | F27: =SUM($C$5:C27) -> 478 | G27: =SUM($D$5:D27) -> 3 | H27: =SUM($E$5:E27) -> 5 | I27: =F27-G27-H27 -> 470 | J27: =AVERAGE(C21:C27) -> 65.285714 | K27: =AVERAGE(D21:D27) -> 0.42857143 | L27: =IF(F27>0,G27/F27,0) -> 0.0062761506 | M27: =IF(J20>0,J27/J20-1,"") -> 29.466667 | N27: =A27-$A$5 -> 22 | O27: =IF(J27>0,LN(J27),"") -> 4.1787732 | P27: =COUNTIF(Data!$A$2:$A$2797,A27) -> 9
A28: =A27+1 -> 43910 | B28: =CHOOSE(WEEKDAY(A28,2),"Mon","Tue","Wed","Thu","Fri","Sat","Sun") -> Fri | C28: =SUMIFS(Data!$B$2:$B$2797,Data!$A$2:$A$2797,A28) -> 50 | D28: =SUMIFS(Data!$C$2:$C$2797,Data!$A$2:$A$2797,A28) -> 1 | E28: =SUMIFS(Data!$D$2:$D$2797,Data!$A$2:$A$2797,A28) -> 0 | F28: =SUM($C$5:C28) -> 528 | G28: =SUM($D$5:D28) -> 4 | H28: =SUM($E$5:E28) -> 5 | I28: =F28-G28-H28 -> 519 | J28: =AVERAGE(C22:C28) -> 71.142857 | K28: =AVERAGE(D22:D28) -> 0.57142857 | L28: =IF(F28>0,G28/F28,0) -> 0.0075757576 | M28: =IF(J21>0,J28/J21-1,"") -> 19.75 | N28: =A28-$A$5 -> 23 | O28: =IF(J28>0,LN(J28),"") -> 4.2646899 | P28: =COUNTIF(Data!$A$2:$A$2797,A28) -> 12
A29: =A28+1 -> 43911 | B29: =CHOOSE(WEEKDAY(A29,2),"Mon","Tue","Wed","Thu","Fri","Sat","Sun") -> Sat | C29: =SUMIFS(Data!$B$2:$B$2797,Data!$A$2:$A$2797,A29) -> 134 | D29: =SUMIFS(Data!$C$2:$C$2797,Data!$A$2:$A$2797,A29) -> 0 | E29: =SUMIFS(Data!$D$2:$D$2797,Data!$A$2:$A$2797,A29) -> 3 | F29: =SUM($C$5:C29) -> 662 | G29: =SUM($D$5:D29) -> 4 | H29: =SUM($E$5:E29) -> 8 | I29: =F29-G29-H29 -> 650 | J29: =AVERAGE(C23:C29) -> 90.285714 | K29: =AVERAGE(D23:D29) -> 0.57142857 | L29: =IF(F29>0,G29/F29,0) -> 0.0060422961 | M29: =IF(J22>0,J29/J22-1,"") -> 26.478261 | N29: =A29-$A$5 -> 24 | O29: =IF(J29>0,LN(J29),"") -> 4.5029792 | P29: =COUNTIF(Data!$A$2:$A$2797,A29) -> 14
... A103: =A102+1 -> 43985 | B103: =CHOOSE(WEEKDAY(A103,2),"Mon","Tue","Wed","Thu","Fri","Sat","Sun") -> Wed | C103: =SUMIFS(Data!$B$2:$B$2797,Data!$A$2:$A$2797,A103) -> 4677 | D103: =SUMIFS(Data!$C$2:$C$2797,Data!$A$2:$A$2797,A103) -> 82 | E103: =SUMIFS(Data!$D$2:$D$2797,Data!$A$2:$A$2797,A103) -> 1205 | F103: =SUM($C$5:C103) -> 83985 | G103: =SUM($D$5:D103) -> 1728 | H103: =SUM($E$5:E103) -> 24753 | I103: =F103-G103-H103 -> 57504 | J103: =AVERAGE(C97:C103) -> 3374 | K103: =AVERAGE(D97:D103) -> 73.428571 | L103: =IF(F103>0,G103/F103,0) -> 0.020575103 | M103: =IF(J96>0,J103/J96-1,"") -> 0.81119632 | N103: =A103-$A$5 -> 98 | O103: =IF(J103>0,LN(J103),"") -> 8.1238543 | P103: =COUNTIF(Data!$A$2:$A$2797,A103) -> 70
A105: Notes: 7-day averages start on day 7. Active cases = cumulative cases − deaths − recovered (same definition as the source dashboard). Cumulative CFR = cumulative deaths ÷ cumulative cases (crude, not lag-adjusted).

Sheet Weekly
A1: Weekly trend
A2: Weeks run for 7 days from the first reported day; the last week is partial and excluded from week-on-week change.
A4: Week | B4: Week start | C4: Week end | D4: Days | E4: Cases | F4: Deaths | G4: Recovered | H4: Avg cases per day | I4: Week-on-week change | J4: Status
A5: 1 | B5: =Daily!$A$5+7*(A5-1) -> 43887 | C5: =MIN(B5+6,MAX(Daily!$A$5:$A$103)) -> 43893 | D5: =C5-B5+1 -> 7 | E5: =SUMIFS(Daily!$C$5:$C$103,Daily!$A$5:$A$103,">="&B5,Daily!$A$5:$A$103,"<="&C5) -> 6 | F5: =SUMIFS(Daily!$D$5:$D$103,Daily!$A$5:$A$103,">="&B5,Daily!$A$5:$A$103,"<="&C5) -> 0 | G5: =SUMIFS(Daily!$E$5:$E$103,Daily!$A$5:$A$103,">="&B5,Daily!$A$5:$A$103,"<="&C5) -> 0 | H5: =E5/D5 -> 0.85714286 | J5: =IF(D5=7,"Full week","Partial") -> Full week
A6: 2 | B6: =Daily!$A$5+7*(A6-1) -> 43894 | C6: =MIN(B6+6,MAX(Daily!$A$5:$A$103)) -> 43900 | D6: =C6-B6+1 -> 7 | E6: =SUMIFS(Daily!$C$5:$C$103,Daily!$A$5:$A$103,">="&B6,Daily!$A$5:$A$103,"<="&C6) -> 13 | F6: =SUMIFS(Daily!$D$5:$D$103,Daily!$A$5:$A$103,">="&B6,Daily!$A$5:$A$103,"<="&C6) -> 0 | G6: =SUMIFS(Daily!$E$5:$E$103,Daily!$A$5:$A$103,">="&B6,Daily!$A$5:$A$103,"<="&C6) -> 1 | H6: =E6/D6 -> 1.8571429 | I6: =IF(AND(D6=7,D5=7,E5>0),E6/E5-1,"") -> 1.1666667 | J6: =IF(D6=7,"Full week","Partial") -> Full week
A7: 3 | B7: =Daily!$A$5+7*(A7-1) -> 43901 | C7: =MIN(B7+6,MAX(Daily!$A$5:$A$103)) -> 43907 | D7: =C7-B7+1 -> 7 | E7: =SUMIFS(Daily!$C$5:$C$103,Daily!$A$5:$A$103,">="&B7,Daily!$A$5:$A$103,"<="&C7) -> 248 | F7: =SUMIFS(Daily!$D$5:$D$103,Daily!$A$5:$A$103,">="&B7,Daily!$A$5:$A$103,"<="&C7) -> 1 | G7: =SUMIFS(Daily!$E$5:$E$103,Daily!$A$5:$A$103,">="&B7,Daily!$A$5:$A$103,"<="&C7) -> 3 | H7: =E7/D7 -> 35.428571 | I7: =IF(AND(D7=7,D6=7,E6>0),E7/E6-1,"") -> 18.076923 | J7: =IF(D7=7,"Full week","Partial") -> Full week
A8: 4 | B8: =Daily!$A$5+7*(A8-1) -> 43908 | C8: =MIN(B8+6,MAX(Daily!$A$5:$A$103)) -> 43914 | D8: =C8-B8+1 -> 7 | E8: =SUMIFS(Daily!$C$5:$C$103,Daily!$A$5:$A$103,">="&B8,Daily!$A$5:$A$103,"<="&C8) -> 701 | F8: =SUMIFS(Daily!$D$5:$D$103,Daily!$A$5:$A$103,">="&B8,Daily!$A$5:$A$103,"<="&C8) -> 6 | G8: =SUMIFS(Daily!$E$5:$E$103,Daily!$A$5:$A$103,">="&B8,Daily!$A$5:$A$103,"<="&C8) -> 22 | H8: =E8/D8 -> 100.14286 | I8: =IF(AND(D8=7,D7=7,E7>0),E8/E7-1,"") -> 1.8266129 | J8: =IF(D8=7,"Full week","Partial") -> Full week
A9: 5 | B9: =Daily!$A$5+7*(A9-1) -> 43915 | C9: =MIN(B9+6,MAX(Daily!$A$5:$A$103)) -> 43921 | D9: =C9-B9+1 -> 7 | E9: =SUMIFS(Daily!$C$5:$C$103,Daily!$A$5:$A$103,">="&B9,Daily!$A$5:$A$103,"<="&C9) -> 1002 | F9: =SUMIFS(Daily!$D$5:$D$103,Daily!$A$5:$A$103,">="&B9,Daily!$A$5:$A$103,"<="&C9) -> 20 | G9: =SUMIFS(Daily!$E$5:$E$103,Daily!$A$5:$A$103,">="&B9,Daily!$A$5:$A$103,"<="&C9) -> 96 | H9: =E9/D9 -> 143.14286 | I9: =IF(AND(D9=7,D8=7,E8>0),E9/E8-1,"") -> 0.42938659 | J9: =IF(D9=7,"Full week","Partial") -> Full week
A10: 6 | B10: =Daily!$A$5+7*(A10-1) -> 43922 | C10: =MIN(B10+6,MAX(Daily!$A$5:$A$103)) -> 43928 | D10: =C10-B10+1 -> 7 | E10: =SUMIFS(Daily!$C$5:$C$103,Daily!$A$5:$A$103,">="&B10,Daily!$A$5:$A$103,"<="&C10) -> 1297 | F10: =SUMIFS(Daily!$D$5:$D$103,Daily!$A$5:$A$103,">="&B10,Daily!$A$5:$A$103,"<="&C10) -> 29 | G10: =SUMIFS(Daily!$E$5:$E$103,Daily!$A$5:$A$103,">="&B10,Daily!$A$5:$A$103,"<="&C10) -> 365 | H10: =E10/D10 -> 185.28571 | I10: =IF(AND(D10=7,D9=7,E9>0),E10/E9-1,"") -> 0.29441118 | J10: =IF(D10=7,"Full week","Partial") -> Full week
A11: 7 | B11: =Daily!$A$5+7*(A11-1) -> 43929 | C11: =MIN(B11+6,MAX(Daily!$A$5:$A$103)) -> 43935 | D11: =C11-B11+1 -> 7 | E11: =SUMIFS(Daily!$C$5:$C$103,Daily!$A$5:$A$103,">="&B11,Daily!$A$5:$A$103,"<="&C11) -> 2718 | F11: =SUMIFS(Daily!$D$5:$D$103,Daily!$A$5:$A$103,">="&B11,Daily!$A$5:$A$103,"<="&C11) -> 52 | G11: =SUMIFS(Daily!$E$5:$E$103,Daily!$A$5:$A$103,">="&B11,Daily!$A$5:$A$103,"<="&C11) -> 634 | H11: =E11/D11 -> 388.28571 | I11: =IF(AND(D11=7,D10=7,E10>0),E11/E10-1,"") -> 1.0956052 | J11: =IF(D11=7,"Full week","Partial") -> Full week
A12: 8 | B12: =Daily!$A$5+7*(A12-1) -> 43936 | C12: =MIN(B12+6,MAX(Daily!$A$5:$A$103)) -> 43942 | D12: =C12-B12+1 -> 7 | E12: =SUMIFS(Daily!$C$5:$C$103,Daily!$A$5:$A$103,">="&B12,Daily!$A$5:$A$103,"<="&C12) -> 3768 | F12: =SUMIFS(Daily!$D$5:$D$103,Daily!$A$5:$A$103,">="&B12,Daily!$A$5:$A$103,"<="&C12) -> 101 | G12: =SUMIFS(Daily!$E$5:$E$103,Daily!$A$5:$A$103,">="&B12,Daily!$A$5:$A$103,"<="&C12) -> 718 | H12: =E12/D12 -> 538.28571 | I12: =IF(AND(D12=7,D11=7,E11>0),E12/E11-1,"") -> 0.38631347 | J12: =IF(D12=7,"Full week","Partial") -> Full week
A13: 9 | B13: =Daily!$A$5+7*(A13-1) -> 43943 | C13: =MIN(B13+6,MAX(Daily!$A$5:$A$103)) -> 43949 | D13: =C13-B13+1 -> 7 | E13: =SUMIFS(Daily!$C$5:$C$103,Daily!$A$5:$A$103,">="&B13,Daily!$A$5:$A$103,"<="&C13) -> 4993 | F13: =SUMIFS(Daily!$D$5:$D$103,Daily!$A$5:$A$103,">="&B13,Daily!$A$5:$A$103,"<="&C13) -> 86 | G13: =SUMIFS(Daily!$E$5:$E$103,Daily!$A$5:$A$103,">="&B13,Daily!$A$5:$A$103,"<="&C13) -> 626 | H13: =E13/D13 -> 713.28571 | I13: =IF(AND(D13=7,D12=7,E12>0),E13/E12-1,"") -> 0.32510616 | J13: =IF(D13=7,"Full week","Partial") -> Full week
A14: 10 | B14: =Daily!$A$5+7*(A14-1) -> 43950 | C14: =MIN(B14+6,MAX(Daily!$A$5:$A$103)) -> 43956 | D14: =C14-B14+1 -> 7 | E14: =SUMIFS(Daily!$C$5:$C$103,Daily!$A$5:$A$103,">="&B14,Daily!$A$5:$A$103,"<="&C14) -> 7223 | F14: =SUMIFS(Daily!$D$5:$D$103,Daily!$A$5:$A$103,">="&B14,Daily!$A$5:$A$103,"<="&C14) -> 163 | G14: =SUMIFS(Daily!$E$5:$E$103,Daily!$A$5:$A$103,">="&B14,Daily!$A$5:$A$103,"<="&C14) -> 415 | H14: =E14/D14 -> 1031.8571 | I14: =IF(AND(D14=7,D13=7,E13>0),E14/E13-1,"") -> 0.44662528 | J14: =IF(D14=7,"Full week","Partial") -> Full week
A15: 11 | B15: =Daily!$A$5+7*(A15-1) -> 43957 | C15: =MIN(B15+6,MAX(Daily!$A$5:$A$103)) -> 43963 | D15: =C15-B15+1 -> 7 | E15: =SUMIFS(Daily!$C$5:$C$103,Daily!$A$5:$A$103,">="&B15,Daily!$A$5:$A$103,"<="&C15) -> 11846 | F15: =SUMIFS(Daily!$D$5:$D$103,Daily!$A$5:$A$103,">="&B15,Daily!$A$5:$A$103,"<="&C15) -> 227 | G15: =SUMIFS(Daily!$E$5:$E$103,Daily!$A$5:$A$103,">="&B15,Daily!$A$5:$A$103,"<="&C15) -> 721 | H15: =E15/D15 -> 1692.2857 | I15: =IF(AND(D15=7,D14=7,E14>0),E15/E14-1,"") -> 0.64003877 | J15: =IF(D15=7,"Full week","Partial") -> Full week
A16: 12 | B16: =Daily!$A$5+7*(A16-1) -> 43964 | C16: =MIN(B16+6,MAX(Daily!$A$5:$A$103)) -> 43970 | D16: =C16-B16+1 -> 7 | E16: =SUMIFS(Daily!$C$5:$C$103,Daily!$A$5:$A$103,">="&B16,Daily!$A$5:$A$103,"<="&C16) -> 11397 | F16: =SUMIFS(Daily!$D$5:$D$103,Daily!$A$5:$A$103,">="&B16,Daily!$A$5:$A$103,"<="&C16) -> 261 | G16: =SUMIFS(Daily!$E$5:$E$103,Daily!$A$5:$A$103,">="&B16,Daily!$A$5:$A$103,"<="&C16) -> 4116 | H16: =E16/D16 -> 1628.1429 | I16: =IF(AND(D16=7,D15=7,E15>0),E16/E15-1,"") -> -0.03790309 | J16: =IF(D16=7,"Full week","Partial") -> Full week
A17: 13 | B17: =Daily!$A$5+7*(A17-1) -> 43971 | C17: =MIN(B17+6,MAX(Daily!$A$5:$A$103)) -> 43977 | D17: =C17-B17+1 -> 7 | E17: =SUMIFS(Daily!$C$5:$C$103,Daily!$A$5:$A$103,">="&B17,Daily!$A$5:$A$103,"<="&C17) -> 12982 | F17: =SUMIFS(Daily!$D$5:$D$103,Daily!$A$5:$A$103,">="&B17,Daily!$A$5:$A$103,"<="&C17) -> 232 | G17: =SUMIFS(Daily!$E$5:$E$103,Daily!$A$5:$A$103,">="&B17,Daily!$A$5:$A$103,"<="&C17) -> 5965 | H17: =E17/D17 -> 1854.5714 | I17: =IF(AND(D17=7,D16=7,E16>0),E17/E16-1,"") -> 0.13907169 | J17: =IF(D17=7,"Full week","Partial") -> Full week
... A19: 15 | B19: =Daily!$A$5+7*(A19-1) -> 43985 | C19: =MIN(B19+6,MAX(Daily!$A$5:$A$103)) -> 43985 | D19: =C19-B19+1 -> 1 | E19: =SUMIFS(Daily!$C$5:$C$103,Daily!$A$5:$A$103,">="&B19,Daily!$A$5:$A$103,"<="&C19) -> 4677 | F19: =SUMIFS(Daily!$D$5:$D$103,Daily!$A$5:$A$103,">="&B19,Daily!$A$5:$A$103,"<="&C19) -> 82 | G19: =SUMIFS(Daily!$E$5:$E$103,Daily!$A$5:$A$103,">="&B19,Daily!$A$5:$A$103,"<="&C19) -> 1205 | H19: =E19/D19 -> 4677 | I19: =IF(AND(D19=7,D18=7,E18>0),E19/E18-1,"") | J19: =IF(D19=7,"Full week","Partial") -> Partial
A20: Total | D20: =SUM(D5:D19) -> 99 | E20: =SUM(E5:E19) -> 83985 | F20: =SUM(F5:F19) -> 1728 | G20: =SUM(G5:G19) -> 24753 | H20: =E20/D20 -> 848.33333

Sheet Monthly
A1: Monthly summary
A2: February covers 26–29 Feb only and June covers 1–3 Jun only — compare months using the average-per-day column.
A4: Month | B4: Days covered | C4: Cases | D4: Deaths | E4: Recovered | F4: Avg cases per day | G4: CFR | H4: Change in avg/day vs prior month | I4: Share of all cases
A5: =DATE(YEAR(Daily!A5),MONTH(Daily!A5),1) -> 43862 | B5: =COUNTIFS(Daily!$A$5:$A$103,">="&A5,Daily!$A$5:$A$103,"<"&EDATE(A5,1)) -> 4 | C5: =SUMIFS(Daily!$C$5:$C$103,Daily!$A$5:$A$103,">="&A5,Daily!$A$5:$A$103,"<"&EDATE(A5,1)) -> 5 | D5: =SUMIFS(Daily!$D$5:$D$103,Daily!$A$5:$A$103,">="&A5,Daily!$A$5:$A$103,"<"&EDATE(A5,1)) -> 0 | E5: =SUMIFS(Daily!$E$5:$E$103,Daily!$A$5:$A$103,">="&A5,Daily!$A$5:$A$103,"<"&EDATE(A5,1)) -> 0 | F5: =IF(B5>0,C5/B5,0) -> 1.25 | G5: =IF(C5>0,D5/C5,0) -> 0 | I5: =C5/C$10 -> 5.9534441e-05
A6: =EDATE(A5,1) -> 43891 | B6: =COUNTIFS(Daily!$A$5:$A$103,">="&A6,Daily!$A$5:$A$103,"<"&EDATE(A6,1)) -> 31 | C6: =SUMIFS(Daily!$C$5:$C$103,Daily!$A$5:$A$103,">="&A6,Daily!$A$5:$A$103,"<"&EDATE(A6,1)) -> 1965 | D6: =SUMIFS(Daily!$D$5:$D$103,Daily!$A$5:$A$103,">="&A6,Daily!$A$5:$A$103,"<"&EDATE(A6,1)) -> 27 | E6: =SUMIFS(Daily!$E$5:$E$103,Daily!$A$5:$A$103,">="&A6,Daily!$A$5:$A$103,"<"&EDATE(A6,1)) -> 122 | F6: =IF(B6>0,C6/B6,0) -> 63.387097 | G6: =IF(C6>0,D6/C6,0) -> 0.013740458 | H6: =IF(F5>0,F6/F5-1,"") -> 49.709677 | I6: =C6/C$10 -> 0.023397035
A7: =EDATE(A6,1) -> 43922 | B7: =COUNTIFS(Daily!$A$5:$A$103,">="&A7,Daily!$A$5:$A$103,"<"&EDATE(A7,1)) -> 30 | C7: =SUMIFS(Daily!$C$5:$C$103,Daily!$A$5:$A$103,">="&A7,Daily!$A$5:$A$103,"<"&EDATE(A7,1)) -> 14389 | D7: =SUMIFS(Daily!$D$5:$D$103,Daily!$A$5:$A$103,">="&A7,Daily!$A$5:$A$103,"<"&EDATE(A7,1)) -> 302 | E7: =SUMIFS(Daily!$E$5:$E$103,Daily!$A$5:$A$103,">="&A7,Daily!$A$5:$A$103,"<"&EDATE(A7,1)) -> 2551 | F7: =IF(B7>0,C7/B7,0) -> 479.63333 | G7: =IF(C7>0,D7/C7,0) -> 0.020988255 | H7: =IF(F6>0,F7/F6-1,"") -> 6.5667345 | I7: =C7/C$10 -> 0.17132821
A8: =EDATE(A7,1) -> 43952 | B8: =COUNTIFS(Daily!$A$5:$A$103,">="&A8,Daily!$A$5:$A$103,"<"&EDATE(A8,1)) -> 31 | C8: =SUMIFS(Daily!$C$5:$C$103,Daily!$A$5:$A$103,">="&A8,Daily!$A$5:$A$103,"<"&EDATE(A8,1)) -> 54835 | D8: =SUMIFS(Daily!$D$5:$D$103,Daily!$A$5:$A$103,">="&A8,Daily!$A$5:$A$103,"<"&EDATE(A8,1)) -> 1170 | E8: =SUMIFS(Daily!$E$5:$E$103,Daily!$A$5:$A$103,">="&A8,Daily!$A$5:$A$103,"<"&EDATE(A8,1)) -> 17917 | F8: =IF(B8>0,C8/B8,0) -> 1768.871 | G8: =IF(C8>0,D8/C8,0) -> 0.021336737 | H8: =IF(F7>0,F8/F7-1,"") -> 2.687965 | I8: =C8/C$10 -> 0.65291421
A9: =EDATE(A8,1) -> 43983 | B9: =COUNTIFS(Daily!$A$5:$A$103,">="&A9,Daily!$A$5:$A$103,"<"&EDATE(A9,1)) -> 3 | C9: =SUMIFS(Daily!$C$5:$C$103,Daily!$A$5:$A$103,">="&A9,Daily!$A$5:$A$103,"<"&EDATE(A9,1)) -> 12791 | D9: =SUMIFS(Daily!$D$5:$D$103,Daily!$A$5:$A$103,">="&A9,Daily!$A$5:$A$103,"<"&EDATE(A9,1)) -> 229 | E9: =SUMIFS(Daily!$E$5:$E$103,Daily!$A$5:$A$103,">="&A9,Daily!$A$5:$A$103,"<"&EDATE(A9,1)) -> 4163 | F9: =IF(B9>0,C9/B9,0) -> 4263.6667 | G9: =IF(C9>0,D9/C9,0) -> 0.017903213 | H9: =IF(F8>0,F9/F8-1,"") -> 1.4103887 | I9: =C9/C$10 -> 0.15230101
A10: Total | B10: =SUM(B5:B9) -> 99 | C10: =SUM(C5:C9) -> 83985 | D10: =SUM(D5:D9) -> 1728 | E10: =SUM(E5:E9) -> 24753 | F10: =C10/B10 -> 848.33333 | G10: =D10/C10 -> 0.020575103 | I10: =SUM(I5:I9) -> 1

Sheet Province
A1: Province analysis
A2: Sorted by total cases. Shares and CFR are formulas on the Data sheet. Province names are as spelled in the source file.
A4: Province | B4: Cases | C4: Deaths | D4: Recovered (reported) | E4: Active (derived) | F4: Share of cases | G4: Share of deaths | H4: CFR | I4: Reported recovery rate | J4: Records | K4: CFR vs national (×)
A5: Sindh | B5: =SUMIF(Data!$F$2:$F$2797,$A5,Data!$B$2:$B$2797) -> 32858 | C5: =SUMIF(Data!$F$2:$F$2797,$A5,Data!$C$2:$C$2797) -> 546 | D5: =SUMIF(Data!$F$2:$F$2797,$A5,Data!$D$2:$D$2797) -> 15805 | E5: =B5-C5-D5 -> 16507 | F5: =B5/B$13 -> 0.39123653 | G5: =C5/C$13 -> 0.31597222 | H5: =IF(B5>0,C5/B5,0) -> 0.016616958 | I5: =IF(B5>0,D5/B5,0) -> 0.48100919 | J5: =COUNTIF(Data!$F$2:$F$2797,$A5) -> 529 | K5: =H5/$H$13 -> 0.80762454
A6: Punjab | B6: =SUMIF(Data!$F$2:$F$2797,$A6,Data!$B$2:$B$2797) -> 31096 | C6: =SUMIF(Data!$F$2:$F$2797,$A6,Data!$C$2:$C$2797) -> 593 | D6: =SUMIF(Data!$F$2:$F$2797,$A6,Data!$D$2:$D$2797) -> 4081 | E6: =B6-C6-D6 -> 26422 | F6: =B6/B$13 -> 0.37025659 | G6: =C6/C$13 -> 0.3431713 | H6: =IF(B6>0,C6/B6,0) -> 0.019069977 | I6: =IF(B6>0,D6/B6,0) -> 0.13123874 | J6: =COUNTIF(Data!$F$2:$F$2797,$A6) -> 341 | K6: =H6/$H$13 -> 0.92684723
A7: Khyber Pakhtunkhwa | B7: =SUMIF(Data!$F$2:$F$2797,$A7,Data!$B$2:$B$2797) -> 10259 | C7: =SUMIF(Data!$F$2:$F$2797,$A7,Data!$C$2:$C$2797) -> 473 | D7: =SUMIF(Data!$F$2:$F$2797,$A7,Data!$D$2:$D$2797) -> 1939 | E7: =B7-C7-D7 -> 7847 | F7: =B7/B$13 -> 0.12215277 | G7: =C7/C$13 -> 0.27372685 | H7: =IF(B7>0,C7/B7,0) -> 0.046105858 | I7: =IF(B7>0,D7/B7,0) -> 0.18900478 | J7: =COUNTIF(Data!$F$2:$F$2797,$A7) -> 1491 | K7: =H7/$H$13 -> 2.2408568
A8: Baluchistan | B8: =SUMIF(Data!$F$2:$F$2797,$A8,Data!$B$2:$B$2797) -> 5125 | C8: =SUMIF(Data!$F$2:$F$2797,$A8,Data!$C$2:$C$2797) -> 49 | D8: =SUMIF(Data!$F$2:$F$2797,$A8,Data!$D$2:$D$2797) -> 1981 | E8: =B8-C8-D8 -> 3095 | F8: =B8/B$13 -> 0.061022802 | G8: =C8/C$13 -> 0.028356481 | H8: =IF(B8>0,C8/B8,0) -> 0.0095609756 | I8: =IF(B8>0,D8/B8,0) -> 0.38653659 | J8: =COUNTIF(Data!$F$2:$F$2797,$A8) -> 83 | K8: =H8/$H$13 -> 0.46468665
A9: Islamabad Capital Territory | B9: =SUMIF(Data!$F$2:$F$2797,$A9,Data!$B$2:$B$2797) -> 3523 | C9: =SUMIF(Data!$F$2:$F$2797,$A9,Data!$C$2:$C$2797) -> 36 | D9: =SUMIF(Data!$F$2:$F$2797,$A9,Data!$D$2:$D$2797) -> 460 | E9: =B9-C9-D9 -> 3027 | F9: =B9/B$13 -> 0.041947967 | G9: =C9/C$13 -> 0.020833333 | H9: =IF(B9>0,C9/B9,0) -> 0.010218564 | I9: =IF(B9>0,D9/B9,0) -> 0.13057054 | J9: =COUNTIF(Data!$F$2:$F$2797,$A9) -> 74 | K9: =H9/$H$13 -> 0.49664703
A10: Gilgit-Baltistan | B10: =SUMIF(Data!$F$2:$F$2797,$A10,Data!$B$2:$B$2797) -> 786 | C10: =SUMIF(Data!$F$2:$F$2797,$A10,Data!$C$2:$C$2797) -> 24 | D10: =SUMIF(Data!$F$2:$F$2797,$A10,Data!$D$2:$D$2797) -> 362 | E10: =B10-C10-D10 -> 400 | F10: =B10/B$13 -> 0.0093588141 | G10: =C10/C$13 -> 0.013888889 | H10: =IF(B10>0,C10/B10,0) -> 0.030534351 | I10: =IF(B10>0,D10/B10,0) -> 0.4605598 | J10: =COUNTIF(Data!$F$2:$F$2797,$A10) -> 188 | K10: =H10/$H$13 -> 1.4840437
A11: Azad Jummu Kashmir | B11: =SUMIF(Data!$F$2:$F$2797,$A11,Data!$B$2:$B$2797) -> 285 | C11: =SUMIF(Data!$F$2:$F$2797,$A11,Data!$C$2:$C$2797) -> 6 | D11: =SUMIF(Data!$F$2:$F$2797,$A11,Data!$D$2:$D$2797) -> 110 | E11: =B11-C11-D11 -> 169 | F11: =B11/B$13 -> 0.0033934631 | G11: =C11/C$13 -> 0.0034722222 | H11: =IF(B11>0,C11/B11,0) -> 0.021052632 | I11: =IF(B11>0,D11/B11,0) -> 0.38596491 | J11: =COUNTIF(Data!$F$2:$F$2797,$A11) -> 54 | K11: =H11/$H$13 -> 1.0232091
A12: Federal Administration Tribal Area | B12: =SUMIF(Data!$F$2:$F$2797,$A12,Data!$B$2:$B$2797) -> 53 | C12: =SUMIF(Data!$F$2:$F$2797,$A12,Data!$C$2:$C$2797) -> 1 | D12: =SUMIF(Data!$F$2:$F$2797,$A12,Data!$D$2:$D$2797) -> 15 | E12: =B12-C12-D12 -> 37 | F12: =B12/B$13 -> 0.00063106507 | G12: =C12/C$13 -> 0.0005787037 | H12: =IF(B12>0,C12/B12,0) -> 0.018867925 | I12: =IF(B12>0,D12/B12,0) -> 0.28301887 | J12: =COUNTIF(Data!$F$2:$F$2797,$A12) -> 36 | K12: =H12/$H$13 -> 0.91702699
A13: Pakistan (total) | B13: =SUM(B5:B12) -> 83985 | C13: =SUM(C5:C12) -> 1728 | D13: =SUM(D5:D12) -> 24753 | E13: =SUM(E5:E12) -> 57504 | F13: =SUM(F5:F12) -> 1 | G13: =SUM(G5:G12) -> 1 | H13: =C13/B13 -> 0.020575103 | I13: =D13/B13 -> 0.2947312 | J13: =SUM(J5:J12) -> 2796 | K13: =H13/$H$13 -> 1
A14: Min. cases for comparisons (input) | B14: 1000
A15: Highest CFR (province, rate) | B15: =INDEX(A5:A12,MATCH(C15,H5:H12,0)) -> Khyber Pakhtunkhwa | C15: =_xlfn.MAXIFS(H5:H12,B5:B12,">="&$B$14) -> 0.046105858
A16: Recovery-rate range (min, max) | B16: =_xlfn.MINIFS(I5:I12,B5:B12,">="&$B$14) -> 0.13057054 | C16: =_xlfn.MAXIFS(I5:I12,B5:B12,">="&$B$14) -> 0.48100919
A17: Small provinces (GB, AJK, FATA) have few cases, so their CFR is volatile; the threshold above avoids ranking them. No population data is in the file, so per-capita rates are not calculated.
A19: Cases by province and month
A20: Province | B20: =Monthly!A5 -> 43862 | C20: =Monthly!A6 -> 43891 | D20: =Monthly!A7 -> 43922 | E20: =Monthly!A8 -> 43952 | F20: =Monthly!A9 -> 43983 | G20: Total | H20: Check vs table
A21: =A5 -> Sindh | B21: =SUMIFS(Data!$B$2:$B$2797,Data!$F$2:$F$2797,$A21,Data!$H$2:$H$2797,B$20) -> 3 | C21: =SUMIFS(Data!$B$2:$B$2797,Data!$F$2:$F$2797,$A21,Data!$H$2:$H$2797,C$20) -> 643 | D21: =SUMIFS(Data!$B$2:$B$2797,Data!$F$2:$F$2797,$A21,Data!$H$2:$H$2797,D$20) -> 5355 | E21: =SUMIFS(Data!$B$2:$B$2797,Data!$F$2:$F$2797,$A21,Data!$H$2:$H$2797,E$20) -> 22192 | F21: =SUMIFS(Data!$B$2:$B$2797,Data!$F$2:$F$2797,$A21,Data!$H$2:$H$2797,F$20) -> 4665 | G21: =SUM(B21:F21) -> 32858 | H21: =G21-B5 -> 0
A22: =A6 -> Punjab | B22: =SUMIFS(Data!$B$2:$B$2797,Data!$F$2:$F$2797,$A22,Data!$H$2:$H$2797,B$20) -> 0 | C22: =SUMIFS(Data!$B$2:$B$2797,Data!$F$2:$F$2797,$A22,Data!$H$2:$H$2797,C$20) -> 674 | D22: =SUMIFS(Data!$B$2:$B$2797,Data!$F$2:$F$2797,$A22,Data!$H$2:$H$2797,D$20) -> 5658 | E22: =SUMIFS(Data!$B$2:$B$2797,Data!$F$2:$F$2797,$A22,Data!$H$2:$H$2797,E$20) -> 19900 | F22: =SUMIFS(Data!$B$2:$B$2797,Data!$F$2:$F$2797,$A22,Data!$H$2:$H$2797,F$20) -> 4864 | G22: =SUM(B22:F22) -> 31096 | H22: =G22-B6 -> 0
A23: =A7 -> Khyber Pakhtunkhwa | B23: =SUMIFS(Data!$B$2:$B$2797,Data!$F$2:$F$2797,$A23,Data!$H$2:$H$2797,B$20) -> 0 | C23: =SUMIFS(Data!$B$2:$B$2797,Data!$F$2:$F$2797,$A23,Data!$H$2:$H$2797,C$20) -> 249 | D23: =SUMIFS(Data!$B$2:$B$2797,Data!$F$2:$F$2797,$A23,Data!$H$2:$H$2797,D$20) -> 1969 | E23: =SUMIFS(Data!$B$2:$B$2797,Data!$F$2:$F$2797,$A23,Data!$H$2:$H$2797,E$20) -> 6711 | F23: =SUMIFS(Data!$B$2:$B$2797,Data!$F$2:$F$2797,$A23,Data!$H$2:$H$2797,F$20) -> 1330 | G23: =SUM(B23:F23) -> 10259 | H23: =G23-B7 -> 0
A24: =A8 -> Baluchistan | B24: =SUMIFS(Data!$B$2:$B$2797,Data!$F$2:$F$2797,$A24,Data!$H$2:$H$2797,B$20) -> 0 | C24: =SUMIFS(Data!$B$2:$B$2797,Data!$F$2:$F$2797,$A24,Data!$H$2:$H$2797,C$20) -> 149 | D24: =SUMIFS(Data!$B$2:$B$2797,Data!$F$2:$F$2797,$A24,Data!$H$2:$H$2797,D$20) -> 883 | E24: =SUMIFS(Data!$B$2:$B$2797,Data!$F$2:$F$2797,$A24,Data!$H$2:$H$2797,E$20) -> 3262 | F24: =SUMIFS(Data!$B$2:$B$2797,Data!$F$2:$F$2797,$A24,Data!$H$2:$H$2797,F$20) -> 831 | G24: =SUM(B24:F24) -> 5125 | H24: =G24-B8 -> 0
A25: =A9 -> Islamabad Capital Territory | B25: =SUMIFS(Data!$B$2:$B$2797,Data!$F$2:$F$2797,$A25,Data!$H$2:$H$2797,B$20) -> 2 | C25: =SUMIFS(Data!$B$2:$B$2797,Data!$F$2:$F$2797,$A25,Data!$H$2:$H$2797,C$20) -> 52 | D25: =SUMIFS(Data!$B$2:$B$2797,Data!$F$2:$F$2797,$A25,Data!$H$2:$H$2797,D$20) -> 264 | E25: =SUMIFS(Data!$B$2:$B$2797,Data!$F$2:$F$2797,$A25,Data!$H$2:$H$2797,E$20) -> 2250 | F25: =SUMIFS(Data!$B$2:$B$2797,Data!$F$2:$F$2797,$A25,Data!$H$2:$H$2797,F$20) -> 955 | G25: =SUM(B25:F25) -> 3523 | H25: =G25-B9 -> 0
A26: =A10 -> Gilgit-Baltistan | B26: =SUMIFS(Data!$B$2:$B$2797,Data!$F$2:$F$2797,$A26,Data!$H$2:$H$2797,B$20) -> 0 | C26: =SUMIFS(Data!$B$2:$B$2797,Data!$F$2:$F$2797,$A26,Data!$H$2:$H$2797,C$20) -> 187 | D26: =SUMIFS(Data!$B$2:$B$2797,Data!$F$2:$F$2797,$A26,Data!$H$2:$H$2797,D$20) -> 152 | E26: =SUMIFS(Data!$B$2:$B$2797,Data!$F$2:$F$2797,$A26,Data!$H$2:$H$2797,E$20) -> 331 | F26: =SUMIFS(Data!$B$2:$B$2797,Data!$F$2:$F$2797,$A26,Data!$H$2:$H$2797,F$20) -> 116 | G26: =SUM(B26:F26) -> 786 | H26: =G26-B10 -> 0
A27: =A11 -> Azad Jummu Kashmir | B27: =SUMIFS(Data!$B$2:$B$2797,Data!$F$2:$F$2797,$A27,Data!$H$2:$H$2797,B$20) -> 0 | C27: =SUMIFS(Data!$B$2:$B$2797,Data!$F$2:$F$2797,$A27,Data!$H$2:$H$2797,C$20) -> 6 | D27: =SUMIFS(Data!$B$2:$B$2797,Data!$F$2:$F$2797,$A27,Data!$H$2:$H$2797,D$20) -> 60 | E27: =SUMIFS(Data!$B$2:$B$2797,Data!$F$2:$F$2797,$A27,Data!$H$2:$H$2797,E$20) -> 189 | F27: =SUMIFS(Data!$B$2:$B$2797,Data!$F$2:$F$2797,$A27,Data!$H$2:$H$2797,F$20) -> 30 | G27: =SUM(B27:F27) -> 285 | H27: =G27-B11 -> 0
A28: =A12 -> Federal Administration Tribal Area | B28: =SUMIFS(Data!$B$2:$B$2797,Data!$F$2:$F$2797,$A28,Data!$H$2:$H$2797,B$20) -> 0 | C28: =SUMIFS(Data!$B$2:$B$2797,Data!$F$2:$F$2797,$A28,Data!$H$2:$H$2797,C$20) -> 5 | D28: =SUMIFS(Data!$B$2:$B$2797,Data!$F$2:$F$2797,$A28,Data!$H$2:$H$2797,D$20) -> 48 | E28: =SUMIFS(Data!$B$2:$B$2797,Data!$F$2:$F$2797,$A28,Data!$H$2:$H$2797,E$20) -> 0 | F28: =SUMIFS(Data!$B$2:$B$2797,Data!$F$2:$F$2797,$A28,Data!$H$2:$H$2797,F$20) -> 0 | G28: =SUM(B28:F28) -> 53 | H28: =G28-B12 -> 0
A29: Pakistan (total) | B29: =SUM(B21:B28) -> 5 | C29: =SUM(C21:C28) -> 1965 | D29: =SUM(D21:D28) -> 14389 | E29: =SUM(E21:E28) -> 54835 | F29: =SUM(F21:F28) -> 12791 | G29: =SUM(G21:G28) -> 83985 | H29: =G29-B13 -> 0
A32: Share of each month's cases, by province
A33: Province | B33: =Monthly!A5 -> 43862 | C33: =Monthly!A6 -> 43891 | D33: =Monthly!A7 -> 43922 | E33: =Monthly!A8 -> 43952 | F33: =Monthly!A9 -> 43983
A34: =A5 -> Sindh | B34: =IF(B$29>0,B21/B$29,0) -> 0.6 | C34: =IF(C$29>0,C21/C$29,0) -> 0.32722646 | D34: =IF(D$29>0,D21/D$29,0) -> 0.37215929 | E34: =IF(E$29>0,E21/E$29,0) -> 0.40470502 | F34: =IF(F$29>0,F21/F$29,0) -> 0.36470956
A35: =A6 -> Punjab | B35: =IF(B$29>0,B22/B$29,0) -> 0 | C35: =IF(C$29>0,C22/C$29,0) -> 0.34300254 | D35: =IF(D$29>0,D22/D$29,0) -> 0.39321704 | E35: =IF(E$29>0,E22/E$29,0) -> 0.3629069 | F35: =IF(F$29>0,F22/F$29,0) -> 0.38026738
A36: =A7 -> Khyber Pakhtunkhwa | B36: =IF(B$29>0,B23/B$29,0) -> 0 | C36: =IF(C$29>0,C23/C$29,0) -> 0.12671756 | D36: =IF(D$29>0,D23/D$29,0) -> 0.13684064 | E36: =IF(E$29>0,E23/E$29,0) -> 0.12238534 | F36: =IF(F$29>0,F23/F$29,0) -> 0.10397936
A37: =A8 -> Baluchistan | B37: =IF(B$29>0,B24/B$29,0) -> 0 | C37: =IF(C$29>0,C24/C$29,0) -> 0.075826972 | D37: =IF(D$29>0,D24/D$29,0) -> 0.061366321 | E37: =IF(E$29>0,E24/E$29,0) -> 0.059487554 | F37: =IF(F$29>0,F24/F$29,0) -> 0.064967555
A38: =A9 -> Islamabad Capital Territory | B38: =IF(B$29>0,B25/B$29,0) -> 0.4 | C38: =IF(C$29>0,C25/C$29,0) -> 0.026463104 | D38: =IF(D$29>0,D25/D$29,0) -> 0.018347349 | E38: =IF(E$29>0,E25/E$29,0) -> 0.041032187 | F38: =IF(F$29>0,F25/F$29,0) -> 0.074661872
A39: =A10 -> Gilgit-Baltistan | B39: =IF(B$29>0,B26/B$29,0) -> 0 | C39: =IF(C$29>0,C26/C$29,0) -> 0.095165394 | D39: =IF(D$29>0,D26/D$29,0) -> 0.010563625 | E39: =IF(E$29>0,E26/E$29,0) -> 0.0060362907 | F39: =IF(F$29>0,F26/F$29,0) -> 0.0090688766
A40: =A11 -> Azad Jummu Kashmir | B40: =IF(B$29>0,B27/B$29,0) -> 0 | C40: =IF(C$29>0,C27/C$29,0) -> 0.0030534351 | D40: =IF(D$29>0,D27/D$29,0) -> 0.004169852 | E40: =IF(E$29>0,E27/E$29,0) -> 0.0034467037 | F40: =IF(F$29>0,F27/F$29,0) -> 0.0023453991
A41: =A12 -> Federal Administration Tribal Area | B41: =IF(B$29>0,B28/B$29,0) -> 0 | C41: =IF(C$29>0,C28/C$29,0) -> 0.0025445293 | D41: =IF(D$29>0,D28/D$29,0) -> 0.0033358816 | E41: =IF(E$29>0,E28/E$29,0) -> 0 | F41: =IF(F$29>0,F28/F$29,0) -> 0

Sheet City
A1: City analysis — top 15 cities by cases
A2: City province = province of the first record for that city (six tribal-district names appear under more than one province).
A4: Rank | B4: City | C4: Province | D4: Cases | E4: Deaths | F4: Recovered (reported) | G4: Share of cases | H4: Cumulative share | I4: CFR | J4: Reported recovery rate
A5: 1 | B5: Karachi | C5: =INDEX(Data!$F$2:$F$2797,MATCH(B5,Data!$G$2:$G$2797,0)) -> Sindh | D5: =SUMIF(Data!$G$2:$G$2797,$B5,Data!$B$2:$B$2797) -> 29346 | E5: =SUMIF(Data!$G$2:$G$2797,$B5,Data!$C$2:$C$2797) -> 498 | F5: =SUMIF(Data!$G$2:$G$2797,$B5,Data!$D$2:$D$2797) -> 13248 | G5: =D5/D$21 -> 0.34941954 | H5: =SUM(G$5:G5) -> 0.34941954 | I5: =IF(D5>0,E5/D5,0) -> 0.016969945 | J5: =IF(D5>0,F5/D5,0) -> 0.45144142
A6: 2 | B6: Lahore | C6: =INDEX(Data!$F$2:$F$2797,MATCH(B6,Data!$G$2:$G$2797,0)) -> Punjab | D6: =SUMIF(Data!$G$2:$G$2797,$B6,Data!$B$2:$B$2797) -> 28015 | E6: =SUMIF(Data!$G$2:$G$2797,$B6,Data!$C$2:$C$2797) -> 582 | F6: =SUMIF(Data!$G$2:$G$2797,$B6,Data!$D$2:$D$2797) -> 3853 | G6: =D6/D$21 -> 0.33357147 | H6: =SUM(G$5:G6) -> 0.68299101 | I6: =IF(D6>0,E6/D6,0) -> 0.020774585 | J6: =IF(D6>0,F6/D6,0) -> 0.13753346
A7: 3 | B7: Quetta | C7: =INDEX(Data!$F$2:$F$2797,MATCH(B7,Data!$G$2:$G$2797,0)) -> Baluchistan | D7: =SUMIF(Data!$G$2:$G$2797,$B7,Data!$B$2:$B$2797) -> 5109 | E7: =SUMIF(Data!$G$2:$G$2797,$B7,Data!$C$2:$C$2797) -> 49 | F7: =SUMIF(Data!$G$2:$G$2797,$B7,Data!$D$2:$D$2797) -> 1981 | G7: =D7/D$21 -> 0.060832291 | H7: =SUM(G$5:G7) -> 0.7438233 | I7: =IF(D7>0,E7/D7,0) -> 0.009590918 | J7: =IF(D7>0,F7/D7,0) -> 0.38774711
A8: 4 | B8: Peshawar | C8: =INDEX(Data!$F$2:$F$2797,MATCH(B8,Data!$G$2:$G$2797,0)) -> Khyber Pakhtunkhwa | D8: =SUMIF(Data!$G$2:$G$2797,$B8,Data!$B$2:$B$2797) -> 4923 | E8: =SUMIF(Data!$G$2:$G$2797,$B8,Data!$C$2:$C$2797) -> 265 | F8: =SUMIF(Data!$G$2:$G$2797,$B8,Data!$D$2:$D$2797) -> 407 | G8: =D8/D$21 -> 0.05861761 | H8: =SUM(G$5:G8) -> 0.80244091 | I8: =IF(D8>0,E8/D8,0) -> 0.053828966 | J8: =IF(D8>0,F8/D8,0) -> 0.082673167
A9: 5 | B9: Islamabad | C9: =INDEX(Data!$F$2:$F$2797,MATCH(B9,Data!$G$2:$G$2797,0)) -> Islamabad Capital Territory | D9: =SUMIF(Data!$G$2:$G$2797,$B9,Data!$B$2:$B$2797) -> 3523 | E9: =SUMIF(Data!$G$2:$G$2797,$B9,Data!$C$2:$C$2797) -> 36 | F9: =SUMIF(Data!$G$2:$G$2797,$B9,Data!$D$2:$D$2797) -> 460 | G9: =D9/D$21 -> 0.041947967 | H9: =SUM(G$5:G9) -> 0.84438888 | I9: =IF(D9>0,E9/D9,0) -> 0.010218564 | J9: =IF(D9>0,F9/D9,0) -> 0.13057054
A10: 6 | B10: Swat | C10: =INDEX(Data!$F$2:$F$2797,MATCH(B10,Data!$G$2:$G$2797,0)) -> Khyber Pakhtunkhwa | D10: =SUMIF(Data!$G$2:$G$2797,$B10,Data!$B$2:$B$2797) -> 958 | E10: =SUMIF(Data!$G$2:$G$2797,$B10,Data!$C$2:$C$2797) -> 45 | F10: =SUMIF(Data!$G$2:$G$2797,$B10,Data!$D$2:$D$2797) -> 266 | G10: =D10/D$21 -> 0.011406799 | H10: =SUM(G$5:G10) -> 0.85579568 | I10: =IF(D10>0,E10/D10,0) -> 0.04697286 | J10: =IF(D10>0,F10/D10,0) -> 0.2776618
A11: 7 | B11: Multan | C11: =INDEX(Data!$F$2:$F$2797,MATCH(B11,Data!$G$2:$G$2797,0)) -> Punjab | D11: =SUMIF(Data!$G$2:$G$2797,$B11,Data!$B$2:$B$2797) -> 712 | E11: =SUMIF(Data!$G$2:$G$2797,$B11,Data!$C$2:$C$2797) -> 2 | F11: =SUMIF(Data!$G$2:$G$2797,$B11,Data!$D$2:$D$2797) -> 1 | G11: =D11/D$21 -> 0.0084777044 | H11: =SUM(G$5:G11) -> 0.86427338 | I11: =IF(D11>0,E11/D11,0) -> 0.0028089888 | J11: =IF(D11>0,F11/D11,0) -> 0.0014044944
A12: 8 | B12: Sukkur | C12: =INDEX(Data!$F$2:$F$2797,MATCH(B12,Data!$G$2:$G$2797,0)) -> Sindh | D12: =SUMIF(Data!$G$2:$G$2797,$B12,Data!$B$2:$B$2797) -> 681 | E12: =SUMIF(Data!$G$2:$G$2797,$B12,Data!$C$2:$C$2797) -> 5 | F12: =SUMIF(Data!$G$2:$G$2797,$B12,Data!$D$2:$D$2797) -> 488 | G12: =D12/D$21 -> 0.0081085908 | H12: =SUM(G$5:G12) -> 0.87238197 | I12: =IF(D12>0,E12/D12,0) -> 0.0073421439 | J12: =IF(D12>0,F12/D12,0) -> 0.71659325
A13: 9 | B13: Hyderabad | C13: =INDEX(Data!$F$2:$F$2797,MATCH(B13,Data!$G$2:$G$2797,0)) -> Sindh | D13: =SUMIF(Data!$G$2:$G$2797,$B13,Data!$B$2:$B$2797) -> 610 | E13: =SUMIF(Data!$G$2:$G$2797,$B13,Data!$C$2:$C$2797) -> 11 | F13: =SUMIF(Data!$G$2:$G$2797,$B13,Data!$D$2:$D$2797) -> 459 | G13: =D13/D$21 -> 0.0072632018 | H13: =SUM(G$5:G13) -> 0.87964517 | I13: =IF(D13>0,E13/D13,0) -> 0.018032787 | J13: =IF(D13>0,F13/D13,0) -> 0.75245902
A14: 10 | B14: Raiwind | C14: =INDEX(Data!$F$2:$F$2797,MATCH(B14,Data!$G$2:$G$2797,0)) -> Punjab | D14: =SUMIF(Data!$G$2:$G$2797,$B14,Data!$B$2:$B$2797) -> 546 | E14: =SUMIF(Data!$G$2:$G$2797,$B14,Data!$C$2:$C$2797) -> 1 | F14: =SUMIF(Data!$G$2:$G$2797,$B14,Data!$D$2:$D$2797) -> 1 | G14: =D14/D$21 -> 0.0065011609 | H14: =SUM(G$5:G14) -> 0.88614634 | I14: =IF(D14>0,E14/D14,0) -> 0.0018315018 | J14: =IF(D14>0,F14/D14,0) -> 0.0018315018
A15: 11 | B15: Malakand | C15: =INDEX(Data!$F$2:$F$2797,MATCH(B15,Data!$G$2:$G$2797,0)) -> Khyber Pakhtunkhwa | D15: =SUMIF(Data!$G$2:$G$2797,$B15,Data!$B$2:$B$2797) -> 486 | E15: =SUMIF(Data!$G$2:$G$2797,$B15,Data!$C$2:$C$2797) -> 16 | F15: =SUMIF(Data!$G$2:$G$2797,$B15,Data!$D$2:$D$2797) -> 99 | G15: =D15/D$21 -> 0.0057867476 | H15: =SUM(G$5:G15) -> 0.89193308 | I15: =IF(D15>0,E15/D15,0) -> 0.032921811 | J15: =IF(D15>0,F15/D15,0) -> 0.2037037
A16: 12 | B16: Mardan | C16: =INDEX(Data!$F$2:$F$2797,MATCH(B16,Data!$G$2:$G$2797,0)) -> Khyber Pakhtunkhwa | D16: =SUMIF(Data!$G$2:$G$2797,$B16,Data!$B$2:$B$2797) -> 473 | E16: =SUMIF(Data!$G$2:$G$2797,$B16,Data!$C$2:$C$2797) -> 24 | F16: =SUMIF(Data!$G$2:$G$2797,$B16,Data!$D$2:$D$2797) -> 146 | G16: =D16/D$21 -> 0.0056319581 | H16: =SUM(G$5:G16) -> 0.89756504 | I16: =IF(D16>0,E16/D16,0) -> 0.050739958 | J16: =IF(D16>0,F16/D16,0) -> 0.30866808
... A19: 15 | B19: Ghotki | C19: =INDEX(Data!$F$2:$F$2797,MATCH(B19,Data!$G$2:$G$2797,0)) -> Sindh | D19: =SUMIF(Data!$G$2:$G$2797,$B19,Data!$B$2:$B$2797) -> 376 | E19: =SUMIF(Data!$G$2:$G$2797,$B19,Data!$C$2:$C$2797) -> 1 | F19: =SUMIF(Data!$G$2:$G$2797,$B19,Data!$D$2:$D$2797) -> 146 | G19: =D19/D$21 -> 0.0044769899 | H19: =SUM(G$5:G19) -> 0.91156754 | I19: =IF(D19>0,E19/D19,0) -> 0.0026595745 | J19: =IF(D19>0,F19/D19,0) -> 0.38829787
B20: All other cities | D20: =D21-SUM(D5:D19) -> 7427 | E20: =E21-SUM(E5:E19) -> 182 | F20: =F21-SUM(F5:F19) -> 2795 | G20: =D20/D$21 -> 0.088432458 | H20: =H19+G20 -> 1 | I20: =IF(D20>0,E20/D20,0) -> 0.024505184 | J20: =IF(D20>0,F20/D20,0) -> 0.37632961
B21: Pakistan (total) | D21: =SUM(Data!$B$2:$B$2797) -> 83985 | E21: =SUM(Data!$C$2:$C$2797) -> 1728 | F21: =SUM(Data!$D$2:$D$2797) -> 24753 | G21: =SUM(G5:G20) -> 1 | I21: =E21/D21 -> 0.020575103 | J21: =F21/D21 -> 0.2947312
A23: The file has 117 distinct city names (counted in Python from the Clean sheet). A city with a high case count but near-zero reported recoveries (e.g. Multan, Raiwind) signals under-reported recoveries rather than real outcomes.

Sheet Travel
A1: Source of infection (travel history)
A2: Group mapping in column B is an analyst assumption (blue = editable input); totals recalculate if you change it.
A4: Travel history | B4: Group (assumption) | C4: Cases | D4: Deaths | E4: Records | F4: Share of cases | G4: CFR
A5: Local - Social Contact | B5: Local transmission | C5: =SUMIF(Data!$E$2:$E$2797,$A5,Data!$B$2:$B$2797) -> 78118 | D5: =SUMIF(Data!$E$2:$E$2797,$A5,Data!$C$2:$C$2797) -> 1627 | E5: =COUNTIF(Data!$E$2:$E$2797,$A5) -> 2533 | F5: =C5/C$20 -> 0.93014229 | G5: =IF(C5>0,D5/C5,0) -> 0.020827466
A6: Unknown | B6: Unknown source | C6: =SUMIF(Data!$E$2:$E$2797,$A6,Data!$B$2:$B$2797) -> 3459 | D6: =SUMIF(Data!$E$2:$E$2797,$A6,Data!$C$2:$C$2797) -> 84 | E6: =COUNTIF(Data!$E$2:$E$2797,$A6) -> 123 | F6: =C6/C$20 -> 0.041185926 | G6: =IF(C6>0,D6/C6,0) -> 0.024284475
A7: Tableeghi Jamaat | B7: Cluster / institutional | C7: =SUMIF(Data!$E$2:$E$2797,$A7,Data!$B$2:$B$2797) -> 1115 | D7: =SUMIF(Data!$E$2:$E$2797,$A7,Data!$C$2:$C$2797) -> 5 | E7: =COUNTIF(Data!$E$2:$E$2797,$A7) -> 23 | F7: =C7/C$20 -> 0.01327618 | G7: =IF(C7>0,D7/C7,0) -> 0.0044843049
A8: Iran/Taftan | B8: Travel-linked (imported) | C8: =SUMIF(Data!$E$2:$E$2797,$A8,Data!$B$2:$B$2797) -> 1053 | D8: =SUMIF(Data!$E$2:$E$2797,$A8,Data!$C$2:$C$2797) -> 11 | E8: =COUNTIF(Data!$E$2:$E$2797,$A8) -> 88 | F8: =C8/C$20 -> 0.012537953 | G8: =IF(C8>0,D8/C8,0) -> 0.010446344
A9: Jail | B9: Cluster / institutional | C9: =SUMIF(Data!$E$2:$E$2797,$A9,Data!$B$2:$B$2797) -> 107 | D9: =SUMIF(Data!$E$2:$E$2797,$A9,Data!$C$2:$C$2797) -> 0 | E9: =COUNTIF(Data!$E$2:$E$2797,$A9) -> 5 | F9: =C9/C$20 -> 0.001274037 | G9: =IF(C9>0,D9/C9,0) -> 0
A10: Afghanistan | B10: Travel-linked (imported) | C10: =SUMIF(Data!$E$2:$E$2797,$A10,Data!$B$2:$B$2797) -> 70 | D10: =SUMIF(Data!$E$2:$E$2797,$A10,Data!$C$2:$C$2797) -> 0 | E10: =COUNTIF(Data!$E$2:$E$2797,$A10) -> 5 | F10: =C10/C$20 -> 0.00083348217 | G10: =IF(C10>0,D10/C10,0) -> 0
A11: International Passenger | B11: Travel-linked (imported) | C11: =SUMIF(Data!$E$2:$E$2797,$A11,Data!$B$2:$B$2797) -> 38 | D11: =SUMIF(Data!$E$2:$E$2797,$A11,Data!$C$2:$C$2797) -> 0 | E11: =COUNTIF(Data!$E$2:$E$2797,$A11) -> 5 | F11: =C11/C$20 -> 0.00045246175 | G11: =IF(C11>0,D11/C11,0) -> 0
A12: Syria | B12: Travel-linked (imported) | C12: =SUMIF(Data!$E$2:$E$2797,$A12,Data!$B$2:$B$2797) -> 7 | D12: =SUMIF(Data!$E$2:$E$2797,$A12,Data!$C$2:$C$2797) -> 0 | E12: =COUNTIF(Data!$E$2:$E$2797,$A12) -> 2 | F12: =C12/C$20 -> 8.3348217e-05 | G12: =IF(C12>0,D12/C12,0) -> 0
A13: KSA | B13: Travel-linked (imported) | C13: =SUMIF(Data!$E$2:$E$2797,$A13,Data!$B$2:$B$2797) -> 6 | D13: =SUMIF(Data!$E$2:$E$2797,$A13,Data!$C$2:$C$2797) -> 1 | E13: =COUNTIF(Data!$E$2:$E$2797,$A13) -> 2 | F13: =C13/C$20 -> 7.1441329e-05 | G13: =IF(C13>0,D13/C13,0) -> 0.16666667
A14: UK | B14: Travel-linked (imported) | C14: =SUMIF(Data!$E$2:$E$2797,$A14,Data!$B$2:$B$2797) -> 5 | D14: =SUMIF(Data!$E$2:$E$2797,$A14,Data!$C$2:$C$2797) -> 0 | E14: =COUNTIF(Data!$E$2:$E$2797,$A14) -> 3 | F14: =C14/C$20 -> 5.9534441e-05 | G14: =IF(C14>0,D14/C14,0) -> 0
A15: China | B15: Travel-linked (imported) | C15: =SUMIF(Data!$E$2:$E$2797,$A15,Data!$B$2:$B$2797) -> 2 | D15: =SUMIF(Data!$E$2:$E$2797,$A15,Data!$C$2:$C$2797) -> 0 | E15: =COUNTIF(Data!$E$2:$E$2797,$A15) -> 2 | F15: =C15/C$20 -> 2.3813776e-05 | G15: =IF(C15>0,D15/C15,0) -> 0
A16: India | B16: Travel-linked (imported) | C16: =SUMIF(Data!$E$2:$E$2797,$A16,Data!$B$2:$B$2797) -> 2 | D16: =SUMIF(Data!$E$2:$E$2797,$A16,Data!$C$2:$C$2797) -> 0 | E16: =COUNTIF(Data!$E$2:$E$2797,$A16) -> 1 | F16: =C16/C$20 -> 2.3813776e-05 | G16: =IF(C16>0,D16/C16,0) -> 0
... A19: USA | B19: Travel-linked (imported) | C19: =SUMIF(Data!$E$2:$E$2797,$A19,Data!$B$2:$B$2797) -> 1 | D19: =SUMIF(Data!$E$2:$E$2797,$A19,Data!$C$2:$C$2797) -> 0 | E19: =COUNTIF(Data!$E$2:$E$2797,$A19) -> 1 | F19: =C19/C$20 -> 1.1906888e-05 | G19: =IF(C19>0,D19/C19,0) -> 0
A20: Total | C20: =SUM(C5:C19) -> 83985 | D20: =SUM(D5:D19) -> 1728 | E20: =SUM(E5:E19) -> 2796 | F20: =SUM(F5:F19) -> 1 | G20: =D20/C20 -> 0.020575103
A22: By group
A23: Group | B23: Cases | C23: Deaths | D23: Share of cases | E23: CFR
A24: Local transmission | B24: =SUMIF($B$5:$B$19,$A24,$C$5:$C$19) -> 78119 | C24: =SUMIF($B$5:$B$19,$A24,$D$5:$D$19) -> 1627 | D24: =B24/B$28 -> 0.93015419 | E24: =IF(B24>0,C24/B24,0) -> 0.0208272
A25: Cluster / institutional | B25: =SUMIF($B$5:$B$19,$A25,$C$5:$C$19) -> 1222 | C25: =SUMIF($B$5:$B$19,$A25,$D$5:$D$19) -> 5 | D25: =B25/B$28 -> 0.014550217 | E25: =IF(B25>0,C25/B25,0) -> 0.004091653
A26: Travel-linked (imported) | B26: =SUMIF($B$5:$B$19,$A26,$C$5:$C$19) -> 1185 | C26: =SUMIF($B$5:$B$19,$A26,$D$5:$D$19) -> 12 | D26: =B26/B$28 -> 0.014109662 | E26: =IF(B26>0,C26/B26,0) -> 0.010126582
A27: Unknown source | B27: =SUMIF($B$5:$B$19,$A27,$C$5:$C$19) -> 3459 | C27: =SUMIF($B$5:$B$19,$A27,$D$5:$D$19) -> 84 | D27: =B27/B$28 -> 0.041185926 | E27: =IF(B27>0,C27/B27,0) -> 0.024284475
A28: Total | B28: =SUM(B24:B27) -> 83985 | C28: =SUM(C24:C27) -> 1728 | D28: =SUM(D24:D27) -> 1 | E28: =C28/B28 -> 0.020575103
A30: Travel history is a recorded field, not a contact-tracing result: "Local - Social Contact" is the default for most records, and 4% of cases have no known source.

Sheet Statistics
A1: Statistical analysis
A2: Descriptive statistics, outliers, weekday pattern, case-to-death lag and growth-rate fit — all computed from the Daily sheet.
A3: 1. Descriptive statistics (per calendar day)
A4: Metric | B4: Daily cases | C4: Daily deaths | D4: Daily recovered
A5: Days | B5: =COUNT(Daily!$C$5:$C$103) -> 99 | C5: =COUNT(Daily!$D$5:$D$103) -> 99 | D5: =COUNT(Daily!$E$5:$E$103) -> 99
A6: Total | B6: =SUM(Daily!$C$5:$C$103) -> 83985 | C6: =SUM(Daily!$D$5:$D$103) -> 1728 | D6: =SUM(Daily!$E$5:$E$103) -> 24753
A7: Mean | B7: =AVERAGE(Daily!$C$5:$C$103) -> 848.33333 | C7: =AVERAGE(Daily!$D$5:$D$103) -> 17.454545 | D7: =AVERAGE(Daily!$E$5:$E$103) -> 250.0303
A8: Median | B8: =MEDIAN(Daily!$C$5:$C$103) -> 512 | C8: =MEDIAN(Daily!$D$5:$D$103) -> 8 | D8: =MEDIAN(Daily!$E$5:$E$103) -> 39
A9: Standard deviation | B9: =STDEV(Daily!$C$5:$C$103) -> 1008.4617 | C9: =STDEV(Daily!$D$5:$D$103) -> 20.957816 | D9: =STDEV(Daily!$E$5:$E$103) -> 450.90574
A10: Coefficient of variation | B10: =STDEV(Daily!$C$5:$C$103)/AVERAGE(Daily!$C$5:$C$103) -> 1.1887564 | C10: =STDEV(Daily!$D$5:$D$103)/AVERAGE(Daily!$D$5:$D$103) -> 1.2007082 | D10: =STDEV(Daily!$E$5:$E$103)/AVERAGE(Daily!$E$5:$E$103) -> 1.8034044
A11: Minimum | B11: =MIN(Daily!$C$5:$C$103) -> 0 | C11: =MIN(Daily!$D$5:$D$103) -> 0 | D11: =MIN(Daily!$E$5:$E$103) -> 0
A12: Quartile 1 | B12: =QUARTILE(Daily!$C$5:$C$103,1) -> 97 | C12: =QUARTILE(Daily!$D$5:$D$103,1) -> 1 | D12: =QUARTILE(Daily!$E$5:$E$103,1) -> 0.5
A13: Quartile 3 | B13: =QUARTILE(Daily!$C$5:$C$103,3) -> 1401.5 | C13: =QUARTILE(Daily!$D$5:$D$103,3) -> 30 | D13: =QUARTILE(Daily!$E$5:$E$103,3) -> 217
A14: Interquartile range | B14: =QUARTILE(Daily!$C$5:$C$103,3)-QUARTILE(Daily!$C$5:$C$103,1) -> 1304.5 | C14: =QUARTILE(Daily!$D$5:$D$103,3)-QUARTILE(Daily!$D$5:$D$103,1) -> 29 | D14: =QUARTILE(Daily!$E$5:$E$103,3)-QUARTILE(Daily!$E$5:$E$103,1) -> 216.5
A15: Maximum | B15: =MAX(Daily!$C$5:$C$103) -> 4677 | C15: =MAX(Daily!$D$5:$D$103) -> 88 | D15: =MAX(Daily!$E$5:$E$103) -> 2072
A16: Skewness | B16: =SKEW(Daily!$C$5:$C$103) -> 1.5736122 | C16: =SKEW(Daily!$D$5:$D$103) -> 1.4949248 | D16: =SKEW(Daily!$E$5:$E$103) -> 2.3010052
A17: Mean far above median and high skewness mean a few very large late-period days dominate the average: use the median and the 7-day average when describing a "typical" day.
A19: 2. Outlier screen — daily cases (Tukey fence)
A20: Upper fence (Q3 + 1.5 × IQR) | B20: =B13+1.5*B14 -> 3358.25
A21: Days above the fence | B21: =COUNTIF(Daily!$C$5:$C$103,">"&B20) -> 3
A22: First day above the fence | B22: =_xlfn.MINIFS(Daily!$A$5:$A$103,Daily!$C$5:$C$103,">"&B20) -> 43983
A23: Share of all cases on those days | B23: =SUMIF(Daily!$C$5:$C$103,">"&B20)/B6 -> 0.15230101
A24: Flagged days are bunched at the end of the period (see first-day date), consistent with accelerating spread rather than isolated data errors. No days were removed.
A26: 3. Day-of-week pattern
A27: Day | B27: Avg cases | C27: Index (all-day mean = 100) | D27: Avg deaths | E27: Days in sample
A28: Mon | B28: =AVERAGEIFS(Daily!$C$5:$C$103,Daily!$B$5:$B$103,A28) -> 815.35714 | C28: =B28/AVERAGE(Daily!$C$5:$C$103)*100 -> 96.112826 | D28: =AVERAGEIFS(Daily!$D$5:$D$103,Daily!$B$5:$B$103,A28) -> 19.357143 | E28: =COUNTIF(Daily!$B$5:$B$103,A28) -> 14
A29: Tue | B29: =AVERAGEIFS(Daily!$C$5:$C$103,Daily!$B$5:$B$103,A29) -> 954.78571 | C29: =B29/AVERAGE(Daily!$C$5:$C$103)*100 -> 112.54841 | D29: =AVERAGEIFS(Daily!$D$5:$D$103,Daily!$B$5:$B$103,A29) -> 18.285714 | E29: =COUNTIF(Daily!$B$5:$B$103,A29) -> 14
A30: Wed | B30: =AVERAGEIFS(Daily!$C$5:$C$103,Daily!$B$5:$B$103,A30) -> 1000.2667 | C30: =B30/AVERAGE(Daily!$C$5:$C$103)*100 -> 117.90963 | D30: =AVERAGEIFS(Daily!$D$5:$D$103,Daily!$B$5:$B$103,A30) -> 19.466667 | E30: =COUNTIF(Daily!$B$5:$B$103,A30) -> 15
A31: Thu | B31: =AVERAGEIFS(Daily!$C$5:$C$103,Daily!$B$5:$B$103,A31) -> 767.5 | C31: =B31/AVERAGE(Daily!$C$5:$C$103)*100 -> 90.471513 | D31: =AVERAGEIFS(Daily!$D$5:$D$103,Daily!$B$5:$B$103,A31) -> 15.142857 | E31: =COUNTIF(Daily!$B$5:$B$103,A31) -> 14
A32: Fri | B32: =AVERAGEIFS(Daily!$C$5:$C$103,Daily!$B$5:$B$103,A32) -> 727.85714 | C32: =B32/AVERAGE(Daily!$C$5:$C$103)*100 -> 85.798484 | D32: =AVERAGEIFS(Daily!$D$5:$D$103,Daily!$B$5:$B$103,A32) -> 16 | E32: =COUNTIF(Daily!$B$5:$B$103,A32) -> 14
A33: Sat | B33: =AVERAGEIFS(Daily!$C$5:$C$103,Daily!$B$5:$B$103,A33) -> 854.92857 | C33: =B33/AVERAGE(Daily!$C$5:$C$103)*100 -> 100.77743 | D33: =AVERAGEIFS(Daily!$D$5:$D$103,Daily!$B$5:$B$103,A33) -> 17.714286 | E33: =COUNTIF(Daily!$B$5:$B$103,A33) -> 14
A34: Sun | B34: =AVERAGEIFS(Daily!$C$5:$C$103,Daily!$B$5:$B$103,A34) -> 806.78571 | C34: =B34/AVERAGE(Daily!$C$5:$C$103)*100 -> 95.102442 | D34: =AVERAGEIFS(Daily!$D$5:$D$103,Daily!$B$5:$B$103,A34) -> 16.071429 | E34: =COUNTIF(Daily!$B$5:$B$103,A34) -> 14
A35: Only 14 weeks of data and a strong upward trend: later weekdays are inflated simply by being later, so this is weak evidence of any weekly reporting cycle.
A37: 4. Do cases lead deaths? Correlation at different lags
A38: Lag (days) — deaths on day t+lag vs cases on day t | B38: Correlation r | C38: R²
A39: 0 | B39: =CORREL(Daily!$C$5:$C$103,Daily!$D$5:$D$103) -> 0.93473097 | C39: =B39^2 -> 0.87372199
A40: 1 | B40: =CORREL(Daily!$C$5:$C$102,Daily!$D$6:$D$103) -> 0.90682977 | C40: =B40^2 -> 0.82234024
A41: 2 | B41: =CORREL(Daily!$C$5:$C$101,Daily!$D$7:$D$103) -> 0.91255522 | C41: =B41^2 -> 0.83275702
A42: 3 | B42: =CORREL(Daily!$C$5:$C$100,Daily!$D$8:$D$103) -> 0.86750965 | C42: =B42^2 -> 0.75257299
A43: 5 | B43: =CORREL(Daily!$C$5:$C$98,Daily!$D$10:$D$103) -> 0.83742558 | C43: =B43^2 -> 0.7012816
A44: 7 | B44: =CORREL(Daily!$C$5:$C$96,Daily!$D$12:$D$103) -> 0.84496409 | C44: =B44^2 -> 0.71396431
A45: 10 | B45: =CORREL(Daily!$C$5:$C$93,Daily!$D$15:$D$103) -> 0.88390351 | C45: =B45^2 -> 0.78128541
A46: 14 | B46: =CORREL(Daily!$C$5:$C$89,Daily!$D$19:$D$103) -> 0.80885951 | C46: =B46^2 -> 0.65425371
A47: Lag with the highest correlation (days) | B47: =INDEX(A39:A46,MATCH(MAX(B39:B46),B39:B46,0)) -> 0
A48: Cases and deaths both trend upward, so r is inflated by the shared trend. Treat as indicative of a close relationship, not as an estimate of the true reporting delay.
A50: 5. Growth-rate fit (log-linear regression on the 7-day average of cases)
A51: Phase | B51: Start (input) | C51: End (input) | D51: First row # | E51: Last row # | F51: Fitted daily growth | G51: Doubling time (days) | H51: R² of fit
A52: Early surge | B52: 43905 | C52: 43951 | D52: =MATCH(B52,Daily!$A$5:$A$103,0) -> 19 | E52: =MATCH(C52,Daily!$A$5:$A$103,0) -> 65 | F52: =EXP(SLOPE(INDEX(Daily!$O$5:$O$103,D52):INDEX(Daily!$O$5:$O$103,E52),INDEX(Daily!$N$5:$N$103,D52):INDEX(Daily!$N$5:$N$103,E52)))-1 -> 0.071151413 | G52: =IF(F52>0,LN(2)/LN(1+F52),"no doubling") -> 10.084465 | H52: =RSQ(INDEX(Daily!$O$5:$O$103,D52):INDEX(Daily!$O$5:$O$103,E52),INDEX(Daily!$N$5:$N$103,D52):INDEX(Daily!$N$5:$N$103,E52)) -> 0.90767786
A53: Peak phase | B53: 43952 | C53: 43985 | D53: =MATCH(B53,Daily!$A$5:$A$103,0) -> 66 | E53: =MATCH(C53,Daily!$A$5:$A$103,0) -> 99 | F53: =EXP(SLOPE(INDEX(Daily!$O$5:$O$103,D53):INDEX(Daily!$O$5:$O$103,E53),INDEX(Daily!$N$5:$N$103,D53):INDEX(Daily!$N$5:$N$103,E53)))-1 -> 0.030922573 | G53: =IF(F53>0,LN(2)/LN(1+F53),"no doubling") -> 22.760387 | H53: =RSQ(INDEX(Daily!$O$5:$O$103,D53):INDEX(Daily!$O$5:$O$103,E53),INDEX(Daily!$N$5:$N$103,D53):INDEX(Daily!$N$5:$N$103,E53)) -> 0.8649453
A54: Growth is the exponential-equivalent daily rate over the chosen window (change the blue dates to test other windows). It describes the past; it is not a forecast.

Sheet Regression_Excel
A1: Regression analysis — Excel (LINEST)
A2: Unit of analysis: one row per calendar day (99 days). Every coefficient below is a live LINEST formula on the data table at the bottom of this sheet.
A4: 1. Simple linear regression: Cases = b0 + b1·Day_Num
A5: Term | B5: Coefficient | C5: Std error | D5: t-stat | E5: p-value
A6: Intercept | B6: =INDEX(LINEST($B$53:$B$151,$E$53:$E$151,TRUE(),TRUE()),1,2) -> -658.40816 | C6: =INDEX(LINEST($B$53:$B$151,$E$53:$E$151,TRUE(),TRUE()),2,2) -> 105.3533 | D6: =B6/C6 -> -6.2495258 | E6: =TDIST(ABS(D6),$B$13,2) -> 1.099471e-08
A7: Day_Num | B7: =INDEX(LINEST($B$53:$B$151,$E$53:$E$151,TRUE(),TRUE()),1,1) -> 30.13483 | C7: =INDEX(LINEST($B$53:$B$151,$E$53:$E$151,TRUE(),TRUE()),2,1) -> 1.8293518 | D7: =B7/C7 -> 16.472955 | E7: =TDIST(ABS(D7),$B$13,2) -> 7.3545932e-30
A8: R² | B8: =INDEX(LINEST($B$53:$B$151,$E$53:$E$151,TRUE(),TRUE()),3,1) -> 0.7366694
A9: Adjusted R² | B9: =1-(1-B8)*(COUNT($B$53:$B$151)-1)/B13 -> 0.73395465
A10: Std error of regression | B10: =INDEX(LINEST($B$53:$B$151,$E$53:$E$151,TRUE(),TRUE()),3,2) -> 520.16035
A11: F statistic | B11: =INDEX(LINEST($B$53:$B$151,$E$53:$E$151,TRUE(),TRUE()),4,1) -> 271.35825
A12: Significance F | B12: =FDIST(B11,1,B13) -> 7.3545932e-30
A13: Residual df | B13: =INDEX(LINEST($B$53:$B$151,$E$53:$E$151,TRUE(),TRUE()),4,2) -> 97
A16: 2. Multiple linear regression: Cases = b0 + b1·Deaths + b2·Recovered + b3·Day_Num
A17: Term | B17: Coefficient | C17: Std error | D17: t-stat | E17: p-value
A18: Intercept | B18: =INDEX(LINEST($B$53:$B$151,$C$53:$E$151,TRUE(),TRUE()),1,4) -> -147.19263 | C18: =INDEX(LINEST($B$53:$B$151,$C$53:$E$151,TRUE(),TRUE()),2,4) -> 81.834392 | D18: =B18/C18 -> -1.7986647 | E18: =TDIST(ABS(D18),$B$27,2) -> 0.075247425
A19: Deaths | B19: =INDEX(LINEST($B$53:$B$151,$C$53:$E$151,TRUE(),TRUE()),1,3) -> 31.866132 | C19: =INDEX(LINEST($B$53:$B$151,$C$53:$E$151,TRUE(),TRUE()),2,3) -> 3.8897202 | D19: =B19/C19 -> 8.192397 | E19: =TDIST(ABS(D19),$B$27,2) -> 1.1817693e-12
A20: Recovered | B20: =INDEX(LINEST($B$53:$B$151,$C$53:$E$151,TRUE(),TRUE()),1,2) -> 0.24256574 | C20: =INDEX(LINEST($B$53:$B$151,$C$53:$E$151,TRUE(),TRUE()),2,2) -> 0.12909955 | D20: =B20/C20 -> 1.8789045 | E20: =TDIST(ABS(D20),$B$27,2) -> 0.063323399
A21: Day_Num | B21: =INDEX(LINEST($B$53:$B$151,$C$53:$E$151,TRUE(),TRUE()),1,1) -> 7.5733667 | C21: =INDEX(LINEST($B$53:$B$151,$C$53:$E$151,TRUE(),TRUE()),2,1) -> 2.3166314 | D21: =B21/C21 -> 3.2691289 | E21: =TDIST(ABS(D21),$B$27,2) -> 0.0015029709
A22: R² | B22: =INDEX(LINEST($B$53:$B$151,$C$53:$E$151,TRUE(),TRUE()),3,1) -> 0.89014814
A23: Adjusted R² | B23: =1-(1-B22)*(COUNT($B$53:$B$151)-1)/B27 -> 0.88667913
A24: Std error of regression | B24: =INDEX(LINEST($B$53:$B$151,$C$53:$E$151,TRUE(),TRUE()),3,2) -> 339.48012
A25: F statistic | B25: =INDEX(LINEST($B$53:$B$151,$C$53:$E$151,TRUE(),TRUE()),4,1) -> 256.60034
A26: Significance F | B26: =FDIST(B25,3,B27) -> 2.0316159e-45
A27: Residual df | B27: =INDEX(LINEST($B$53:$B$151,$C$53:$E$151,TRUE(),TRUE()),4,2) -> 95
A30: 3. Polynomial regression (degree 2): Cases = b0 + b1·Day_Num + b2·Day_Sq
A31: Term | B31: Coefficient | C31: Std error | D31: t-stat | E31: p-value
A32: Intercept | B32: =INDEX(LINEST($B$53:$B$151,$E$53:$F$151,TRUE(),TRUE()),1,3) -> 197.6855 | C32: =INDEX(LINEST($B$53:$B$151,$E$53:$F$151,TRUE(),TRUE()),2,3) -> 111.42013 | D32: =B32/C32 -> 1.774235 | E32: =TDIST(ABS(D32),$B$40,2) -> 0.079194613
A33: Day_Num | B33: =INDEX(LINEST($B$53:$B$151,$E$53:$F$151,TRUE(),TRUE()),1,2) -> -20.722219 | C33: =INDEX(LINEST($B$53:$B$151,$E$53:$F$151,TRUE(),TRUE()),2,2) -> 5.1430939 | D33: =B33/C33 -> -4.029135 | E33: =TDIST(ABS(D33),$B$40,2) -> 0.00011205645
A34: Day_Sq | B34: =INDEX(LINEST($B$53:$B$151,$E$53:$F$151,TRUE(),TRUE()),1,1) -> 0.50857049 | C34: =INDEX(LINEST($B$53:$B$151,$E$53:$F$151,TRUE(),TRUE()),2,1) -> 0.049829413 | D34: =B34/C34 -> 10.206231 | E34: =TDIST(ABS(D34),$B$40,2) -> 5.3662979e-17
A35: R² | B35: =INDEX(LINEST($B$53:$B$151,$E$53:$F$151,TRUE(),TRUE()),3,1) -> 0.87370686
A36: Adjusted R² | B36: =1-(1-B35)*(COUNT($B$53:$B$151)-1)/B40 -> 0.87107575
A37: Std error of regression | B37: =INDEX(LINEST($B$53:$B$151,$E$53:$F$151,TRUE(),TRUE()),3,2) -> 362.09848
A38: F statistic | B38: =INDEX(LINEST($B$53:$B$151,$E$53:$F$151,TRUE(),TRUE()),4,1) -> 332.06815
A39: Significance F | B39: =FDIST(B38,2,B40) -> 7.3490048e-44
A40: Residual df | B40: =INDEX(LINEST($B$53:$B$151,$E$53:$F$151,TRUE(),TRUE()),4,2) -> 96
A43: Model comparison
A44: Model | B44: R² | C44: Adjusted R² | D44: Std error | E44: Significance F | G44: Reading the results
A45: Simple | B45: =B8 -> 0.7366694 | C45: =B9 -> 0.73395465 | D45: =B10 -> 520.16035 | E45: =B12 -> 7.3545932e-30 | G45: ="Simple: each extra day adds about "&TEXT(B7,"#,##0.0")&" cases a day; Day_Num explains "&TEXT(B8,"0%")&" of the variation." -> Simple: each extra day adds about 30.1 cases a day; Day_Num explains 74% of the variation.
A46: Multiple | B46: =B22 -> 0.89014814 | C46: =B23 -> 0.88667913 | D46: =B24 -> 339.48012 | E46: =B26 -> 2.0316159e-45 | G46: ="Multiple: R² "&TEXT(B22,"0.000")&". Deaths and Recovered are outcomes of earlier cases, so this model describes the data and should not be used to forecast." -> Multiple: R² 0.890. Deaths and Recovered are outcomes of earlier cases, so this model describes the data and should not be used to forecast.
A47: Polynomial (deg 2) | B47: =B35 -> 0.87370686 | C47: =B36 -> 0.87107575 | D47: =B37 -> 362.09848 | E47: =B39 -> 7.3490048e-44 | G47: ="Polynomial: adding Day_Sq lifts R² to "&TEXT(B35,"0.000")&" (Day_Sq p-value "&TEXT(E34,"0.0000")&"), so growth is accelerating, not linear." -> Polynomial: adding Day_Sq lifts R² to 0.874 (Day_Sq p-value 0.0000), so growth is accelerating, not linear.
A48: Method: Excel LINEST with statistics on 99 daily observations; p-values use TDIST (t-test on each coefficient) and FDIST (overall F test). Day_Num = day index + 1 (26 Feb 2020 = 1). The data are a time series, so residuals are autocorrelated and p-values are optimistic; the early-period zero days and the late surge are what drive the poor linear fit.
A51: Data table (linked to the Daily sheet)
A52: Date | B52: Cases | C52: Deaths | D52: Recovered | E52: Day_Num | F52: Day_Sq | G52: Fitted: simple | H52: Fitted: multiple | I52: Fitted: polynomial
A53: =Daily!A5 -> 43887 | B53: =Daily!C5 -> 3 | C53: =Daily!D5 -> 0 | D53: =Daily!E5 -> 0 | E53: =Daily!N5+1 -> 1 | F53: =E53^2 -> 1 | G53: =$B$6+$B$7*E53 -> -628.27333 | H53: =$B$18+$B$19*C53+$B$20*D53+$B$21*E53 -> -139.61927 | I53: =$B$32+$B$33*E53+$B$34*F53 -> 177.47185
A54: =Daily!A6 -> 43888 | B54: =Daily!C6 -> 0 | C54: =Daily!D6 -> 0 | D54: =Daily!E6 -> 0 | E54: =Daily!N6+1 -> 2 | F54: =E54^2 -> 4 | G54: =$B$6+$B$7*E54 -> -598.1385 | H54: =$B$18+$B$19*C54+$B$20*D54+$B$21*E54 -> -132.0459 | I54: =$B$32+$B$33*E54+$B$34*F54 -> 158.27534
A55: =Daily!A7 -> 43889 | B55: =Daily!C7 -> 0 | C55: =Daily!D7 -> 0 | D55: =Daily!E7 -> 0 | E55: =Daily!N7+1 -> 3 | F55: =E55^2 -> 9 | G55: =$B$6+$B$7*E55 -> -568.00367 | H55: =$B$18+$B$19*C55+$B$20*D55+$B$21*E55 -> -124.47253 | I55: =$B$32+$B$33*E55+$B$34*F55 -> 140.09598
A56: =Daily!A8 -> 43890 | B56: =Daily!C8 -> 2 | C56: =Daily!D8 -> 0 | D56: =Daily!E8 -> 0 | E56: =Daily!N8+1 -> 4 | F56: =E56^2 -> 16 | G56: =$B$6+$B$7*E56 -> -537.86884 | H56: =$B$18+$B$19*C56+$B$20*D56+$B$21*E56 -> -116.89917 | I56: =$B$32+$B$33*E56+$B$34*F56 -> 122.93375
A57: =Daily!A9 -> 43891 | B57: =Daily!C9 -> 0 | C57: =Daily!D9 -> 0 | D57: =Daily!E9 -> 0 | E57: =Daily!N9+1 -> 5 | F57: =E57^2 -> 25 | G57: =$B$6+$B$7*E57 -> -507.73401 | H57: =$B$18+$B$19*C57+$B$20*D57+$B$21*E57 -> -109.3258 | I57: =$B$32+$B$33*E57+$B$34*F57 -> 106.78867
A58: =Daily!A10 -> 43892 | B58: =Daily!C10 -> 1 | C58: =Daily!D10 -> 0 | D58: =Daily!E10 -> 0 | E58: =Daily!N10+1 -> 6 | F58: =E58^2 -> 36 | G58: =$B$6+$B$7*E58 -> -477.59918 | H58: =$B$18+$B$19*C58+$B$20*D58+$B$21*E58 -> -101.75243 | I58: =$B$32+$B$33*E58+$B$34*F58 -> 91.660722
A59: =Daily!A11 -> 43893 | B59: =Daily!C11 -> 0 | C59: =Daily!D11 -> 0 | D59: =Daily!E11 -> 0 | E59: =Daily!N11+1 -> 7 | F59: =E59^2 -> 49 | G59: =$B$6+$B$7*E59 -> -447.46435 | H59: =$B$18+$B$19*C59+$B$20*D59+$B$21*E59 -> -94.179066 | I59: =$B$32+$B$33*E59+$B$34*F59 -> 77.549919
A60: =Daily!A12 -> 43894 | B60: =Daily!C12 -> 0 | C60: =Daily!D12 -> 0 | D60: =Daily!E12 -> 0 | E60: =Daily!N12+1 -> 8 | F60: =E60^2 -> 64 | G60: =$B$6+$B$7*E60 -> -417.32952 | H60: =$B$18+$B$19*C60+$B$20*D60+$B$21*E60 -> -86.6057 | I60: =$B$32+$B$33*E60+$B$34*F60 -> 64.456257
A61: =Daily!A13 -> 43895 | B61: =Daily!C13 -> 0 | C61: =Daily!D13 -> 0 | D61: =Daily!E13 -> 0 | E61: =Daily!N13+1 -> 9 | F61: =E61^2 -> 81 | G61: =$B$6+$B$7*E61 -> -387.19469 | H61: =$B$18+$B$19*C61+$B$20*D61+$B$21*E61 -> -79.032333 | I61: =$B$32+$B$33*E61+$B$34*F61 -> 52.379736
A62: =Daily!A14 -> 43896 | B62: =Daily!C14 -> 0 | C62: =Daily!D14 -> 0 | D62: =Daily!E14 -> 1 | E62: =Daily!N14+1 -> 10 | F62: =E62^2 -> 100 | G62: =$B$6+$B$7*E62 -> -357.05986 | H62: =$B$18+$B$19*C62+$B$20*D62+$B$21*E62 -> -71.216401 | I62: =$B$32+$B$33*E62+$B$34*F62 -> 41.320356
A63: =Daily!A15 -> 43897 | B63: =Daily!C15 -> 1 | C63: =Daily!D15 -> 0 | D63: =Daily!E15 -> 0 | E63: =Daily!N15+1 -> 11 | F63: =E63^2 -> 121 | G63: =$B$6+$B$7*E63 -> -326.92503 | H63: =$B$18+$B$19*C63+$B$20*D63+$B$21*E63 -> -63.8856 | I63: =$B$32+$B$33*E63+$B$34*F63 -> 31.278117
A64: =Daily!A16 -> 43898 | B64: =Daily!C16 -> 0 | C64: =Daily!D16 -> 0 | D64: =Daily!E16 -> 0 | E64: =Daily!N16+1 -> 12 | F64: =E64^2 -> 144 | G64: =$B$6+$B$7*E64 -> -296.7902 | H64: =$B$18+$B$19*C64+$B$20*D64+$B$21*E64 -> -56.312233 | I64: =$B$32+$B$33*E64+$B$34*F64 -> 22.253019
... A151: =Daily!A103 -> 43985 | B151: =Daily!C103 -> 4677 | C151: =Daily!D103 -> 82 | D151: =Daily!E103 -> 1205 | E151: =Daily!N103+1 -> 99 | F151: =E151^2 -> 9801 | G151: =$B$6+$B$7*E151 -> 2324.94 | H151: =$B$18+$B$19*C151+$B$20*D151+$B$21*E151 -> 3507.8852 | I151: =$B$32+$B$33*E151+$B$34*F151 -> 3130.6852

Sheet Regression_Charts
A1: Regression charts
A2: Scatter plots with trendlines and R² shown on the chart (Excel trendline feature); fitted series come from Regression_Excel.

Sheet Logistic_Solver
A1: Logistic regression (Solver) and confusion matrix
A2: High_Cases = 1 when a day has at least the threshold number of new cases. Predictor: Day_Num. Coefficients are fitted by maximum likelihood, the objective Solver maximises.
I4: Inputs (blue = you may change)
I5: High_Cases threshold (cases/day) | J5: 1000
I6: Classification cut-off (probability) | J6: 0.5
I7: b0 (intercept) - Solver changes this | J7: -34.940705
I8: b1 (Day_Num) - Solver changes this | J8: 0.525424
I9: Log-likelihood (Solver objective: MAX) | J9: =SUM($G$13:$G$111) -> -6.2613306
I10: Null log-likelihood (intercept only) | J10: =COUNTIF($C$13:$C$111,1)*LN(AVERAGE($C$13:$C$111))+COUNTIF($C$13:$C$111,0)*LN(1-AVERAGE($C$13:$C$111)) -> -63.014903
I11: McFadden pseudo-R² | J11: =1-J9/J10 -> 0.9006373
A12: Date | B12: Day_Num | C12: High_Cases | D12: z = b0+b1·x | E12: Probability | F12: Predicted | G12: Log-lik term
A13: =Regression_Excel!A53 -> 43887 | B13: =Regression_Excel!E53 -> 1 | C13: =IF(Regression_Excel!B53>=$J$5,1,0) -> 0 | D13: =$J$7+$J$8*B13 -> -34.415281 | E13: =1/(1+EXP(-D13)) -> 1.1314448e-15 | F13: =IF(E13>=$J$6,1,0) -> 0 | G13: =C13*LN(MAX(E13,0.000000000001))+(1-C13)*LN(MAX(1-E13,0.000000000001)) -> -1.110223e-15
A14: =Regression_Excel!A54 -> 43888 | B14: =Regression_Excel!E54 -> 2 | C14: =IF(Regression_Excel!B54>=$J$5,1,0) -> 0 | D14: =$J$7+$J$8*B14 -> -33.889857 | E14: =1/(1+EXP(-D14)) -> 1.913472e-15 | F14: =IF(E14>=$J$6,1,0) -> 0 | G14: =C14*LN(MAX(E14,0.000000000001))+(1-C14)*LN(MAX(1-E14,0.000000000001)) -> -1.8873791e-15 | I14: Confusion matrix (COUNTIFS)
A15: =Regression_Excel!A55 -> 43889 | B15: =Regression_Excel!E55 -> 3 | C15: =IF(Regression_Excel!B55>=$J$5,1,0) -> 0 | D15: =$J$7+$J$8*B15 -> -33.364433 | E15: =1/(1+EXP(-D15)) -> 3.2360175e-15 | F15: =IF(E15>=$J$6,1,0) -> 0 | G15: =C15*LN(MAX(E15,0.000000000001))+(1-C15)*LN(MAX(1-E15,0.000000000001)) -> -3.2196468e-15 | J15: Predicted = 1 | K15: Predicted = 0 | L15: Row total
A16: =Regression_Excel!A56 -> 43890 | B16: =Regression_Excel!E56 -> 4 | C16: =IF(Regression_Excel!B56>=$J$5,1,0) -> 0 | D16: =$J$7+$J$8*B16 -> -32.839009 | E16: =1/(1+EXP(-D16)) -> 5.4726743e-15 | F16: =IF(E16>=$J$6,1,0) -> 0 | G16: =C16*LN(MAX(E16,0.000000000001))+(1-C16)*LN(MAX(1-E16,0.000000000001)) -> -5.4400928e-15 | I16: Actual = 1 | J16: =COUNTIFS($C$13:$C$111,1,$F$13:$F$111,1) -> 32 | K16: =COUNTIFS($C$13:$C$111,1,$F$13:$F$111,0) -> 1 | L16: =J16+K16 -> 33
A17: =Regression_Excel!A57 -> 43891 | B17: =Regression_Excel!E57 -> 5 | C17: =IF(Regression_Excel!B57>=$J$5,1,0) -> 0 | D17: =$J$7+$J$8*B17 -> -32.313585 | E17: =1/(1+EXP(-D17)) -> 9.255254e-15 | F17: =IF(E17>=$J$6,1,0) -> 0 | G17: =C17*LN(MAX(E17,0.000000000001))+(1-C17)*LN(MAX(1-E17,0.000000000001)) -> -9.2148511e-15 | I17: Actual = 0 | J17: =COUNTIFS($C$13:$C$111,0,$F$13:$F$111,1) -> 1 | K17: =COUNTIFS($C$13:$C$111,0,$F$13:$F$111,0) -> 65 | L17: =J17+K17 -> 66
A18: =Regression_Excel!A58 -> 43892 | B18: =Regression_Excel!E58 -> 6 | C18: =IF(Regression_Excel!B58>=$J$5,1,0) -> 0 | D18: =$J$7+$J$8*B18 -> -31.788161 | E18: =1/(1+EXP(-D18)) -> 1.5652261e-14 | F18: =IF(E18>=$J$6,1,0) -> 0 | G18: =C18*LN(MAX(E18,0.000000000001))+(1-C18)*LN(MAX(1-E18,0.000000000001)) -> -1.5654145e-14 | I18: Column total | J18: =J16+J17 -> 33 | K18: =K16+K17 -> 66 | L18: =L16+L17 -> 99
A19: =Regression_Excel!A59 -> 43893 | B19: =Regression_Excel!E59 -> 7 | C19: =IF(Regression_Excel!B59>=$J$5,1,0) -> 0 | D19: =$J$7+$J$8*B19 -> -31.262737 | E19: =1/(1+EXP(-D19)) -> 2.6470725e-14 | F19: =IF(E19>=$J$6,1,0) -> 0 | G19: =C19*LN(MAX(E19,0.000000000001))+(1-C19)*LN(MAX(1-E19,0.000000000001)) -> -2.6423308e-14 | I19: TP = J16, FN = K16, FP = J17, TN = K17
A20: =Regression_Excel!A60 -> 43894 | B20: =Regression_Excel!E60 -> 8 | C20: =IF(Regression_Excel!B60>=$J$5,1,0) -> 0 | D20: =$J$7+$J$8*B20 -> -30.737313 | E20: =1/(1+EXP(-D20)) -> 4.4766648e-14 | F20: =IF(E20>=$J$6,1,0) -> 0 | G20: =C20*LN(MAX(E20,0.000000000001))+(1-C20)*LN(MAX(1-E20,0.000000000001)) -> -4.4741988e-14 | I20: Metric | J20: Value
A21: =Regression_Excel!A61 -> 43895 | B21: =Regression_Excel!E61 -> 9 | C21: =IF(Regression_Excel!B61>=$J$5,1,0) -> 0 | D21: =$J$7+$J$8*B21 -> -30.211889 | E21: =1/(1+EXP(-D21)) -> 7.570827e-14 | F21: =IF(E21>=$J$6,1,0) -> 0 | G21: =C21*LN(MAX(E21,0.000000000001))+(1-C21)*LN(MAX(1-E21,0.000000000001)) -> -7.571721e-14 | I21: Accuracy | J21: =(J16+K17)/L18 -> 0.97979798
A22: =Regression_Excel!A62 -> 43896 | B22: =Regression_Excel!E62 -> 10 | C22: =IF(Regression_Excel!B62>=$J$5,1,0) -> 0 | D22: =$J$7+$J$8*B22 -> -29.686465 | E22: =1/(1+EXP(-D22)) -> 1.2803599e-13 | F22: =IF(E22>=$J$6,1,0) -> 0 | G22: =C22*LN(MAX(E22,0.000000000001))+(1-C22)*LN(MAX(1-E22,0.000000000001)) -> -1.2800871e-13 | I22: Precision | J22: =IF(J18=0,0,J16/J18) -> 0.96969697
A23: =Regression_Excel!A63 -> 43897 | B23: =Regression_Excel!E63 -> 11 | C23: =IF(Regression_Excel!B63>=$J$5,1,0) -> 0 | D23: =$J$7+$J$8*B23 -> -29.161041 | E23: =1/(1+EXP(-D23)) -> 2.1653136e-13 | F23: =IF(E23>=$J$6,1,0) -> 0 | G23: =C23*LN(MAX(E23,0.000000000001))+(1-C23)*LN(MAX(1-E23,0.000000000001)) -> -2.1649349e-13 | I23: Recall (sensitivity) | J23: =IF(L16=0,0,J16/L16) -> 0.96969697
A24: =Regression_Excel!A64 -> 43898 | B24: =Regression_Excel!E64 -> 12 | C24: =IF(Regression_Excel!B64>=$J$5,1,0) -> 0 | D24: =$J$7+$J$8*B24 -> -28.635617 | E24: =1/(1+EXP(-D24)) -> 3.6619259e-13 | F24: =IF(E24>=$J$6,1,0) -> 0 | G24: =C24*LN(MAX(E24,0.000000000001))+(1-C24)*LN(MAX(1-E24,0.000000000001)) -> -3.6615155e-13 | I24: Specificity | J24: =IF(L17=0,0,K17/L17) -> 0.98484848
A25: =Regression_Excel!A65 -> 43899 | B25: =Regression_Excel!E65 -> 13 | C25: =IF(Regression_Excel!B65>=$J$5,1,0) -> 0 | D25: =$J$7+$J$8*B25 -> -28.110193 | E25: =1/(1+EXP(-D25)) -> 6.1929603e-13 | F25: =IF(E25>=$J$6,1,0) -> 0 | G25: =C25*LN(MAX(E25,0.000000000001))+(1-C25)*LN(MAX(1-E25,0.000000000001)) -> -6.192824e-13 | I25: F1 score | J25: =IF(J22+J23=0,0,2*J22*J23/(J22+J23)) -> 0.96969697
A26: =Regression_Excel!A66 -> 43900 | B26: =Regression_Excel!E66 -> 14 | C26: =IF(Regression_Excel!B66>=$J$5,1,0) -> 0 | D26: =$J$7+$J$8*B26 -> -27.584769 | E26: =1/(1+EXP(-D26)) -> 1.0473384e-12 | F26: =IF(E26>=$J$6,1,0) -> 0 | G26: =C26*LN(MAX(E26,0.000000000001))+(1-C26)*LN(MAX(1-E26,0.000000000001)) -> -1.0473844e-12
A27: =Regression_Excel!A67 -> 43901 | B27: =Regression_Excel!E67 -> 15 | C27: =IF(Regression_Excel!B67>=$J$5,1,0) -> 0 | D27: =$J$7+$J$8*B27 -> -27.059345 | E27: =1/(1+EXP(-D27)) -> 1.7712334e-12 | F27: =IF(E27>=$J$6,1,0) -> 0 | G27: =C27*LN(MAX(E27,0.000000000001))+(1-C27)*LN(MAX(1-E27,0.000000000001)) -> -1.7712498e-12 | I27: Odds ratio per extra day = EXP(b1) | J27: =EXP(J8) -> 1.6911758
A28: =Regression_Excel!A68 -> 43902 | B28: =Regression_Excel!E68 -> 16 | C28: =IF(Regression_Excel!B68>=$J$5,1,0) -> 0 | D28: =$J$7+$J$8*B28 -> -26.533921 | E28: =1/(1+EXP(-D28)) -> 2.9954669e-12 | F28: =IF(E28>=$J$6,1,0) -> 0 | G28: =C28*LN(MAX(E28,0.000000000001))+(1-C28)*LN(MAX(1-E28,0.000000000001)) -> -2.9954927e-12 | I28: Day when probability = 50% | J28: =-J7/J8 -> 66.500017
A29: =Regression_Excel!A69 -> 43903 | B29: =Regression_Excel!E69 -> 17 | C29: =IF(Regression_Excel!B69>=$J$5,1,0) -> 0 | D29: =$J$7+$J$8*B29 -> -26.008497 | E29: =1/(1+EXP(-D29)) -> 5.065861e-12 | F29: =IF(E29>=$J$6,1,0) -> 0 | G29: =C29*LN(MAX(E29,0.000000000001))+(1-C29)*LN(MAX(1-E29,0.000000000001)) -> -5.0658366e-12 | I29: Calendar date of that day | J29: =Regression_Excel!A53+ROUND(J28,0)-1 -> 43953
A30: =Regression_Excel!A70 -> 43904 | B30: =Regression_Excel!E70 -> 18 | C30: =IF(Regression_Excel!B70>=$J$5,1,0) -> 0 | D30: =$J$7+$J$8*B30 -> -25.483073 | E30: =1/(1+EXP(-D30)) -> 8.5672613e-12 | F30: =IF(E30>=$J$6,1,0) -> 0 | G30: =C30*LN(MAX(E30,0.000000000001))+(1-C30)*LN(MAX(1-E30,0.000000000001)) -> -8.567258e-12
A31: =Regression_Excel!A71 -> 43905 | B31: =Regression_Excel!E71 -> 19 | C31: =IF(Regression_Excel!B71>=$J$5,1,0) -> 0 | D31: =$J$7+$J$8*B31 -> -24.957649 | E31: =1/(1+EXP(-D31)) -> 1.4488745e-11 | F31: =IF(E31>=$J$6,1,0) -> 0 | G31: =C31*LN(MAX(E31,0.000000000001))+(1-C31)*LN(MAX(1-E31,0.000000000001)) -> -1.4488744e-11 | I31: How to run Solver (Data tab > Solver)
A32: =Regression_Excel!A72 -> 43906 | B32: =Regression_Excel!E72 -> 20 | C32: =IF(Regression_Excel!B72>=$J$5,1,0) -> 0 | D32: =$J$7+$J$8*B32 -> -24.432225 | E32: =1/(1+EXP(-D32)) -> 2.4503014e-11 | F32: =IF(E32>=$J$6,1,0) -> 0 | G32: =C32*LN(MAX(E32,0.000000000001))+(1-C32)*LN(MAX(1-E32,0.000000000001)) -> -2.4503066e-11 | I32: 1. Set Objective: $J$9, To: Max.
A33: =Regression_Excel!A73 -> 43907 | B33: =Regression_Excel!E73 -> 21 | C33: =IF(Regression_Excel!B73>=$J$5,1,0) -> 0 | D33: =$J$7+$J$8*B33 -> -23.906801 | E33: =1/(1+EXP(-D33)) -> 4.1438903e-11 | F33: =IF(E33>=$J$6,1,0) -> 0 | G33: =C33*LN(MAX(E33,0.000000000001))+(1-C33)*LN(MAX(1-E33,0.000000000001)) -> -4.1438852e-11 | I33: 2. By Changing Variable Cells: $J$7:$J$8.
A34: =Regression_Excel!A74 -> 43908 | B34: =Regression_Excel!E74 -> 22 | C34: =IF(Regression_Excel!B74>=$J$5,1,0) -> 0 | D34: =$J$7+$J$8*B34 -> -23.381377 | E34: =1/(1+EXP(-D34)) -> 7.0080467e-11 | F34: =IF(E34>=$J$6,1,0) -> 0 | G34: =C34*LN(MAX(E34,0.000000000001))+(1-C34)*LN(MAX(1-E34,0.000000000001)) -> -7.0080497e-11 | I34: 3. Untick "Make Unconstrained Variables Non-Negative".
A35: =Regression_Excel!A75 -> 43909 | B35: =Regression_Excel!E75 -> 23 | C35: =IF(Regression_Excel!B75>=$J$5,1,0) -> 0 | D35: =$J$7+$J$8*B35 -> -22.855953 | E35: =1/(1+EXP(-D35)) -> 1.1851839e-10 | F35: =IF(E35>=$J$6,1,0) -> 0 | G35: =C35*LN(MAX(E35,0.000000000001))+(1-C35)*LN(MAX(1-E35,0.000000000001)) -> -1.1851842e-10 | I35: 4. Solving Method: GRG Nonlinear, then Solve.
A36: =Regression_Excel!A76 -> 43910 | B36: =Regression_Excel!E76 -> 24 | C36: =IF(Regression_Excel!B76>=$J$5,1,0) -> 0 | D36: =$J$7+$J$8*B36 -> -22.330529 | E36: =1/(1+EXP(-D36)) -> 2.0043542e-10 | F36: =IF(E36>=$J$6,1,0) -> 0 | G36: =C36*LN(MAX(E36,0.000000000001))+(1-C36)*LN(MAX(1-E36,0.000000000001)) -> -2.0043545e-10 | I36: 5. To test it: type 0 in J7 and J8 first, then run Solver.
A37: =Regression_Excel!A77 -> 43911 | B37: =Regression_Excel!E77 -> 25 | C37: =IF(Regression_Excel!B77>=$J$5,1,0) -> 0 | D37: =$J$7+$J$8*B37 -> -21.805105 | E37: =1/(1+EXP(-D37)) -> 3.3897153e-10 | F37: =IF(E37>=$J$6,1,0) -> 0 | G37: =C37*LN(MAX(E37,0.000000000001))+(1-C37)*LN(MAX(1-E37,0.000000000001)) -> -3.3897152e-10 | I37: Expect J7 and J8 to return to about the values stored here.
A38: =Regression_Excel!A78 -> 43912 | B38: =Regression_Excel!E78 -> 26 | C38: =IF(Regression_Excel!B78>=$J$5,1,0) -> 0 | D38: =$J$7+$J$8*B38 -> -21.279681 | E38: =1/(1+EXP(-D38)) -> 5.7326043e-10 | F38: =IF(E38>=$J$6,1,0) -> 0 | G38: =C38*LN(MAX(E38,0.000000000001))+(1-C38)*LN(MAX(1-E38,0.000000000001)) -> -5.7326044e-10
A39: =Regression_Excel!A79 -> 43913 | B39: =Regression_Excel!E79 -> 27 | C39: =IF(Regression_Excel!B79>=$J$5,1,0) -> 0 | D39: =$J$7+$J$8*B39 -> -20.754257 | E39: =1/(1+EXP(-D39)) -> 9.6948414e-10 | F39: =IF(E39>=$J$6,1,0) -> 0 | G39: =C39*LN(MAX(E39,0.000000000001))+(1-C39)*LN(MAX(1-E39,0.000000000001)) -> -9.6948416e-10 | I39: The stored b0 and b1 were found by maximum likelihood in Python (scipy) because Solver cannot be run in the environment that built this file. They maximise the same log-likelihood (J9), so Solver should land on them. Day_Num alone almost separates the classes (cases rise steadily), so the slope is steep and Solver may stop slightly away from these values; the log-likelihood in J9 shows which is better.
A40: =Regression_Excel!A80 -> 43914 | B40: =Regression_Excel!E80 -> 28 | C40: =IF(Regression_Excel!B80>=$J$5,1,0) -> 0 | D40: =$J$7+$J$8*B40 -> -20.228833 | E40: =1/(1+EXP(-D40)) -> 1.6395681e-09 | F40: =IF(E40>=$J$6,1,0) -> 0 | G40: =C40*LN(MAX(E40,0.000000000001))+(1-C40)*LN(MAX(1-E40,0.000000000001)) -> -1.639568e-09
A41: =Regression_Excel!A81 -> 43915 | B41: =Regression_Excel!E81 -> 29 | C41: =IF(Regression_Excel!B81>=$J$5,1,0) -> 0 | D41: =$J$7+$J$8*B41 -> -19.703409 | E41: =1/(1+EXP(-D41)) -> 2.7727978e-09 | F41: =IF(E41>=$J$6,1,0) -> 0 | G41: =C41*LN(MAX(E41,0.000000000001))+(1-C41)*LN(MAX(1-E41,0.000000000001)) -> -2.7727978e-09
A42: =Regression_Excel!A82 -> 43916 | B42: =Regression_Excel!E82 -> 30 | C42: =IF(Regression_Excel!B82>=$J$5,1,0) -> 0 | D42: =$J$7+$J$8*B42 -> -19.177985 | E42: =1/(1+EXP(-D42)) -> 4.6892883e-09 | F42: =IF(E42>=$J$6,1,0) -> 0 | G42: =C42*LN(MAX(E42,0.000000000001))+(1-C42)*LN(MAX(1-E42,0.000000000001)) -> -4.6892883e-09
A43: =Regression_Excel!A83 -> 43917 | B43: =Regression_Excel!E83 -> 31 | C43: =IF(Regression_Excel!B83>=$J$5,1,0) -> 0 | D43: =$J$7+$J$8*B43 -> -18.652561 | E43: =1/(1+EXP(-D43)) -> 7.9304107e-09 | F43: =IF(E43>=$J$6,1,0) -> 0 | G43: =C43*LN(MAX(E43,0.000000000001))+(1-C43)*LN(MAX(1-E43,0.000000000001)) -> -7.9304108e-09
A44: =Regression_Excel!A84 -> 43918 | B44: =Regression_Excel!E84 -> 32 | C44: =IF(Regression_Excel!B84>=$J$5,1,0) -> 0 | D44: =$J$7+$J$8*B44 -> -18.127137 | E44: =1/(1+EXP(-D44)) -> 1.3411718e-08 | F44: =IF(E44>=$J$6,1,0) -> 0 | G44: =C44*LN(MAX(E44,0.000000000001))+(1-C44)*LN(MAX(1-E44,0.000000000001)) -> -1.3411718e-08
A45: =Regression_Excel!A85 -> 43919 | B45: =Regression_Excel!E85 -> 33 | C45: =IF(Regression_Excel!B85>=$J$5,1,0) -> 0 | D45: =$J$7+$J$8*B45 -> -17.601713 | E45: =1/(1+EXP(-D45)) -> 2.2681573e-08 | F45: =IF(E45>=$J$6,1,0) -> 0 | G45: =C45*LN(MAX(E45,0.000000000001))+(1-C45)*LN(MAX(1-E45,0.000000000001)) -> -2.2681573e-08
A46: =Regression_Excel!A86 -> 43920 | B46: =Regression_Excel!E86 -> 34 | C46: =IF(Regression_Excel!B86>=$J$5,1,0) -> 0 | D46: =$J$7+$J$8*B46 -> -17.076289 | E46: =1/(1+EXP(-D46)) -> 3.8358525e-08 | F46: =IF(E46>=$J$6,1,0) -> 0 | G46: =C46*LN(MAX(E46,0.000000000001))+(1-C46)*LN(MAX(1-E46,0.000000000001)) -> -3.8358526e-08
A47: =Regression_Excel!A87 -> 43921 | B47: =Regression_Excel!E87 -> 35 | C47: =IF(Regression_Excel!B87>=$J$5,1,0) -> 0 | D47: =$J$7+$J$8*B47 -> -16.550865 | E47: =1/(1+EXP(-D47)) -> 6.4871006e-08 | F47: =IF(E47>=$J$6,1,0) -> 0 | G47: =C47*LN(MAX(E47,0.000000000001))+(1-C47)*LN(MAX(1-E47,0.000000000001)) -> -6.4871008e-08
A48: =Regression_Excel!A88 -> 43922 | B48: =Regression_Excel!E88 -> 36 | C48: =IF(Regression_Excel!B88>=$J$5,1,0) -> 0 | D48: =$J$7+$J$8*B48 -> -16.025441 | E48: =1/(1+EXP(-D48)) -> 1.0970827e-07 | F48: =IF(E48>=$J$6,1,0) -> 0 | G48: =C48*LN(MAX(E48,0.000000000001))+(1-C48)*LN(MAX(1-E48,0.000000000001)) -> -1.0970827e-07
A49: =Regression_Excel!A89 -> 43923 | B49: =Regression_Excel!E89 -> 37 | C49: =IF(Regression_Excel!B89>=$J$5,1,0) -> 0 | D49: =$J$7+$J$8*B49 -> -15.500017 | E49: =1/(1+EXP(-D49)) -> 1.8553595e-07 | F49: =IF(E49>=$J$6,1,0) -> 0 | G49: =C49*LN(MAX(E49,0.000000000001))+(1-C49)*LN(MAX(1-E49,0.000000000001)) -> -1.8553596e-07
A50: =Regression_Excel!A90 -> 43924 | B50: =Regression_Excel!E90 -> 38 | C50: =IF(Regression_Excel!B90>=$J$5,1,0) -> 0 | D50: =$J$7+$J$8*B50 -> -14.974593 | E50: =1/(1+EXP(-D50)) -> 3.1377386e-07 | F50: =IF(E50>=$J$6,1,0) -> 0 | G50: =C50*LN(MAX(E50,0.000000000001))+(1-C50)*LN(MAX(1-E50,0.000000000001)) -> -3.1377391e-07
A51: =Regression_Excel!A91 -> 43925 | B51: =Regression_Excel!E91 -> 39 | C51: =IF(Regression_Excel!B91>=$J$5,1,0) -> 0 | D51: =$J$7+$J$8*B51 -> -14.449169 | E51: =1/(1+EXP(-D51)) -> 5.3064662e-07 | F51: =IF(E51>=$J$6,1,0) -> 0 | G51: =C51*LN(MAX(E51,0.000000000001))+(1-C51)*LN(MAX(1-E51,0.000000000001)) -> -5.3064676e-07
... A111: =Regression_Excel!A151 -> 43985 | B111: =Regression_Excel!E151 -> 99 | C111: =IF(Regression_Excel!B151>=$J$5,1,0) -> 1 | D111: =$J$7+$J$8*B111 -> 17.076271 | E111: =1/(1+EXP(-D111)) -> 0.99999996 | F111: =IF(E111>=$J$6,1,0) -> 1 | G111: =C111*LN(MAX(E111,0.000000000001))+(1-C111)*LN(MAX(1-E111,0.000000000001)) -> -3.8359216e-08

Sheet Clustering_Guide
A1: K-Means clustering: Pakistan COVID-19
A2: Excel implementation of the K-Means workflow: every distance, assignment, centroid, WCSS and silhouette value is a live formula.
A4: Control panel
B6: Setting | C6: Value | D6: What it does
B7: Log-transform the features | C7: 1 | D7: 1 = use LN(1 + x) before standardising (recommended: cases are heavily skewed). 0 = raw counts, exactly as in the guide. Everything recalculates.
B8: Clusters in the main runs (K) | C8: 3 | D8: K = 3 on every KMeans_ sheet. K = 2 to 6 is compared for cities on Elbow_Silhouette.
A10: Results at a glance
B11: Analysis | C11: Sheet | D11: Cluster sizes (cluster 1 / 2 / 3) and tiers | E11: Total WCSS | F11: Status
B12: Cities (117) | C12: KMeans_City | D12: =KMeans_City!M5&": "&KMeans_City!N5&" | "&KMeans_City!M6&": "&KMeans_City!N6&" | "&KMeans_City!M7&": "&KMeans_City!N7 -> High burden: 6 | Low burden: 63 | Medium burden: 48 | E12: =KMeans_City!$L$21 -> 95.707537 | F12: =KMeans_City!$N$21 -> Converged
B13: Provinces (8) | C13: KMeans_Province | D13: =KMeans_Province!M5&": "&KMeans_Province!N5&" | "&KMeans_Province!M6&": "&KMeans_Province!N6&" | "&KMeans_Province!M7&": "&KMeans_Province!N7 -> High burden: 3 | Low burden: 2 | Medium burden: 3 | E13: =KMeans_Province!$L$21 -> 2.2736909 | F13: =KMeans_Province!$N$21 -> Converged
B14: Days (99) as phases | C14: KMeans_Phase | D14: =KMeans_Phase!M5&": "&KMeans_Phase!N5&" | "&KMeans_Phase!M6&": "&KMeans_Phase!N6&" | "&KMeans_Phase!M7&": "&KMeans_Phase!N7 -> Low activity: 28 | High activity: 30 | Medium activity: 41 | E14: =KMeans_Phase!$L$21 -> 56.611928 | F14: =KMeans_Phase!$N$21 -> Converged
B15: Travel history (15) | C15: KMeans_Travel | D15: =KMeans_Travel!M5&": "&KMeans_Travel!N5&" | "&KMeans_Travel!M6&": "&KMeans_Travel!N6&" | "&KMeans_Travel!M7&": "&KMeans_Travel!N7 -> High impact: 1 | Low impact: 11 | Medium impact: 3 | E15: =KMeans_Travel!$L$21 -> 5.1911829 | F15: =KMeans_Travel!$N$21 -> Converged
B16: Best K for cities (silhouette) | C16: Elbow_Silhouette | D16: =Elbow_Silhouette!C11 -> 2
A18: 1. What K-Means does
B19: K-Means splits the data into K groups. Every point belongs to the cluster with the nearest centroid (the cluster mean). The centroids are recomputed until the assignments stop changing. The quantity it minimises is the within-cluster sum of squares (WCSS, also called inertia).
B20: Algorithm: 1) choose K. 2) pick K starting centroids. 3) assign each point to the nearest centroid. 4) move each centroid to the mean of its points. 5) repeat 3 and 4 until nothing changes. In this workbook each repeat is one "Iteration" block on a KMeans_ sheet, and the Reassigned row shows how many points changed.
A22: 2. Dataset and what was clustered
B23: Column | C23: Type | D23: Use in clustering
B24: Date | C24: Date | D24: Rows of Phase_Data: each day becomes a point
B25: Cases, Deaths, Recovered | C25: Integer | D25: The three features (summed per city / province / category, or daily)
B26: Travel_history | C26: Categorical | D26: Aggregated into Travel_Data (15 categories)
B27: Province, City | C27: Categorical | D27: Aggregated into Province_Agg and City_Agg; used as labels
A29: 3. Where each step of the guide lives
B30: Guide step | C30: Sheet | D30: What you will find
B31: Step 3-5: helper columns and aggregation | C31: City_Agg, Province_Agg | D31: SUMIF totals, Active = cases - deaths - recovered, CFR % = deaths / cases * 100. The Data sheet is already cleaned.
B32: Step 1-2: data matrix, standardise | C32: KMeans_Data | D32: X1 to X3, optional log transform, then Z-scores with (x - AVERAGE) / STDEV
B33: Steps 3-7: centroids, distances, assignment, iterate | C33: KMeans_City | D33: Starting centroids in blue (B8:B10), then 12 iteration blocks. Distance = SQRT of the sum of squared z differences; Cluster = MATCH(MIN(...))
B34: Step 8: WCSS | C34: KMeans_City | D34: Per-cluster and total WCSS next to the final centroids
B35: Step 9: elbow method | C35: Elbow_Silhouette, Elbow_Engine | D35: Full K-Means for K = 2 to 6, WCSS and elbow chart
B36: Step 10: silhouette | C36: Elbow_Silhouette, Distance_Matrix | D36: a(i), b(i) and s(i) for every city, mean silhouette per K
B37: Objectives 2-4 | C37: KMeans_Province, KMeans_Phase, KMeans_Travel | D37: Same engine on provinces, days and travel history
B38: Visualisation | C38: Cluster_Charts, Elbow_Silhouette | D38: Scatter plot per cluster, elbow chart, silhouette chart
A40: 4. Reading the results
B41: ="Cities: with the log transform, "&TEXT(KMeans_City!N5,"0")&" / "&TEXT(KMeans_City!N6,"0")&" / "&TEXT(KMeans_City!N7,"0")&" cities fall in clusters 1 / 2 / 3. The high-burden cluster averages "&TEXT(INDEX(KMeans_City!O5:O7,MATCH("High burden",KMeans_City!M5:M7,0)),"#,##0")&" cases per city and holds "&TEXT(INDEX(KMeans_City!S5:S7,MATCH("High burden",KMeans_City!M5:M7,0)),"0%")&" of all cases." -> Cities: with the log transform, 6 / 63 / 48 cities fall in clusters 1 / 2 / 3. The high-burden cluster averages 11,979 cases per city and holds 86% of all cases.
B42: Why the log transform: with raw counts (switch = 0) Karachi and Lahore are so large that each becomes its own cluster of one and the other 115 cities collapse into a single cluster. That result is mathematically correct but not useful. Taking LN(1 + x) first reveals three real tiers.
B43: Phases: the days cluster into low, medium and high activity periods; see First day and Last day on KMeans_Phase for the date ranges.
B44: Caution: K-Means is distance based and sensitive to scale and starting points. The farthest-first starting centroids used here are a fixed, reproducible choice; change them in the blue cells to test stability. Provinces (8) and travel categories (15) are small samples, so treat their clusters as tiers rather than findings.
B45: ="Choosing K: WCSS falls from "&TEXT(Elbow_Silhouette!C5,"0")&" (K = 2) to "&TEXT(Elbow_Silhouette!C6,"0")&" (K = 3) and "&TEXT(Elbow_Silhouette!C7,"0")&" (K = 4). The silhouette is highest at K = "&Elbow_Silhouette!C11&" ("&TEXT(MAX(Elbow_Silhouette!E5:E9),"0.00")&"), but K = 3 keeps a medium tier that K = 2 merges away and still scores "&TEXT(Elbow_Silhouette!E6,"0.00")&", so K = 3 is used." -> Choosing K: WCSS falls from 155 (K = 2) to 96 (K = 3) and 69 (K = 4). The silhouette is highest at K = 2 (0.51), but K = 3 keeps a medium tier that K = 2 merges away and still scores 0.48, so K = 3 is used.
A46: 5. Using an add-in instead (optional)
B47: XLSTAT (trial) or Real Statistics (free) can run K-Means on the Z_ columns of KMeans_Data with K = 3 and give cluster assignments, centroids, WCSS and plots. They were not run for this workbook (add-ins cannot be installed in the environment that built it); the formula method above is the full implementation.

Sheet City_Agg
A1: City_Agg: city-level aggregation
A2: SUMIF on the Data sheet (guide Step 4). Cities are listed by total cases; Province is looked up with INDEX/MATCH.
A4: City | B4: Province | C4: Total_Cases | D4: Total_Deaths | E4: Total_Recovered | F4: Total_Active | G4: CFR %
A5: Karachi | B5: =INDEX(Data!$F$2:$F$2797,MATCH($A5,Data!$G$2:$G$2797,0)) -> Sindh | C5: =SUMIF(Data!$G$2:$G$2797,$A5,Data!$B$2:$B$2797) -> 29346 | D5: =SUMIF(Data!$G$2:$G$2797,$A5,Data!$C$2:$C$2797) -> 498 | E5: =SUMIF(Data!$G$2:$G$2797,$A5,Data!$D$2:$D$2797) -> 13248 | F5: =C5-D5-E5 -> 15600 | G5: =IF(C5=0,0,D5/C5*100) -> 1.6969945
A6: Lahore | B6: =INDEX(Data!$F$2:$F$2797,MATCH($A6,Data!$G$2:$G$2797,0)) -> Punjab | C6: =SUMIF(Data!$G$2:$G$2797,$A6,Data!$B$2:$B$2797) -> 28015 | D6: =SUMIF(Data!$G$2:$G$2797,$A6,Data!$C$2:$C$2797) -> 582 | E6: =SUMIF(Data!$G$2:$G$2797,$A6,Data!$D$2:$D$2797) -> 3853 | F6: =C6-D6-E6 -> 23580 | G6: =IF(C6=0,0,D6/C6*100) -> 2.0774585
A7: Quetta | B7: =INDEX(Data!$F$2:$F$2797,MATCH($A7,Data!$G$2:$G$2797,0)) -> Baluchistan | C7: =SUMIF(Data!$G$2:$G$2797,$A7,Data!$B$2:$B$2797) -> 5109 | D7: =SUMIF(Data!$G$2:$G$2797,$A7,Data!$C$2:$C$2797) -> 49 | E7: =SUMIF(Data!$G$2:$G$2797,$A7,Data!$D$2:$D$2797) -> 1981 | F7: =C7-D7-E7 -> 3079 | G7: =IF(C7=0,0,D7/C7*100) -> 0.9590918
A8: Peshawar | B8: =INDEX(Data!$F$2:$F$2797,MATCH($A8,Data!$G$2:$G$2797,0)) -> Khyber Pakhtunkhwa | C8: =SUMIF(Data!$G$2:$G$2797,$A8,Data!$B$2:$B$2797) -> 4923 | D8: =SUMIF(Data!$G$2:$G$2797,$A8,Data!$C$2:$C$2797) -> 265 | E8: =SUMIF(Data!$G$2:$G$2797,$A8,Data!$D$2:$D$2797) -> 407 | F8: =C8-D8-E8 -> 4251 | G8: =IF(C8=0,0,D8/C8*100) -> 5.3828966
A9: Islamabad | B9: =INDEX(Data!$F$2:$F$2797,MATCH($A9,Data!$G$2:$G$2797,0)) -> Islamabad Capital Territory | C9: =SUMIF(Data!$G$2:$G$2797,$A9,Data!$B$2:$B$2797) -> 3523 | D9: =SUMIF(Data!$G$2:$G$2797,$A9,Data!$C$2:$C$2797) -> 36 | E9: =SUMIF(Data!$G$2:$G$2797,$A9,Data!$D$2:$D$2797) -> 460 | F9: =C9-D9-E9 -> 3027 | G9: =IF(C9=0,0,D9/C9*100) -> 1.0218564
A10: Swat | B10: =INDEX(Data!$F$2:$F$2797,MATCH($A10,Data!$G$2:$G$2797,0)) -> Khyber Pakhtunkhwa | C10: =SUMIF(Data!$G$2:$G$2797,$A10,Data!$B$2:$B$2797) -> 958 | D10: =SUMIF(Data!$G$2:$G$2797,$A10,Data!$C$2:$C$2797) -> 45 | E10: =SUMIF(Data!$G$2:$G$2797,$A10,Data!$D$2:$D$2797) -> 266 | F10: =C10-D10-E10 -> 647 | G10: =IF(C10=0,0,D10/C10*100) -> 4.697286
A11: Multan | B11: =INDEX(Data!$F$2:$F$2797,MATCH($A11,Data!$G$2:$G$2797,0)) -> Punjab | C11: =SUMIF(Data!$G$2:$G$2797,$A11,Data!$B$2:$B$2797) -> 712 | D11: =SUMIF(Data!$G$2:$G$2797,$A11,Data!$C$2:$C$2797) -> 2 | E11: =SUMIF(Data!$G$2:$G$2797,$A11,Data!$D$2:$D$2797) -> 1 | F11: =C11-D11-E11 -> 709 | G11: =IF(C11=0,0,D11/C11*100) -> 0.28089888
A12: Sukkur | B12: =INDEX(Data!$F$2:$F$2797,MATCH($A12,Data!$G$2:$G$2797,0)) -> Sindh | C12: =SUMIF(Data!$G$2:$G$2797,$A12,Data!$B$2:$B$2797) -> 681 | D12: =SUMIF(Data!$G$2:$G$2797,$A12,Data!$C$2:$C$2797) -> 5 | E12: =SUMIF(Data!$G$2:$G$2797,$A12,Data!$D$2:$D$2797) -> 488 | F12: =C12-D12-E12 -> 188 | G12: =IF(C12=0,0,D12/C12*100) -> 0.73421439
A13: Hyderabad | B13: =INDEX(Data!$F$2:$F$2797,MATCH($A13,Data!$G$2:$G$2797,0)) -> Sindh | C13: =SUMIF(Data!$G$2:$G$2797,$A13,Data!$B$2:$B$2797) -> 610 | D13: =SUMIF(Data!$G$2:$G$2797,$A13,Data!$C$2:$C$2797) -> 11 | E13: =SUMIF(Data!$G$2:$G$2797,$A13,Data!$D$2:$D$2797) -> 459 | F13: =C13-D13-E13 -> 140 | G13: =IF(C13=0,0,D13/C13*100) -> 1.8032787
A14: Raiwind | B14: =INDEX(Data!$F$2:$F$2797,MATCH($A14,Data!$G$2:$G$2797,0)) -> Punjab | C14: =SUMIF(Data!$G$2:$G$2797,$A14,Data!$B$2:$B$2797) -> 546 | D14: =SUMIF(Data!$G$2:$G$2797,$A14,Data!$C$2:$C$2797) -> 1 | E14: =SUMIF(Data!$G$2:$G$2797,$A14,Data!$D$2:$D$2797) -> 1 | F14: =C14-D14-E14 -> 544 | G14: =IF(C14=0,0,D14/C14*100) -> 0.18315018
A15: Malakand | B15: =INDEX(Data!$F$2:$F$2797,MATCH($A15,Data!$G$2:$G$2797,0)) -> Khyber Pakhtunkhwa | C15: =SUMIF(Data!$G$2:$G$2797,$A15,Data!$B$2:$B$2797) -> 486 | D15: =SUMIF(Data!$G$2:$G$2797,$A15,Data!$C$2:$C$2797) -> 16 | E15: =SUMIF(Data!$G$2:$G$2797,$A15,Data!$D$2:$D$2797) -> 99 | F15: =C15-D15-E15 -> 371 | G15: =IF(C15=0,0,D15/C15*100) -> 3.2921811
A16: Mardan | B16: =INDEX(Data!$F$2:$F$2797,MATCH($A16,Data!$G$2:$G$2797,0)) -> Khyber Pakhtunkhwa | C16: =SUMIF(Data!$G$2:$G$2797,$A16,Data!$B$2:$B$2797) -> 473 | D16: =SUMIF(Data!$G$2:$G$2797,$A16,Data!$C$2:$C$2797) -> 24 | E16: =SUMIF(Data!$G$2:$G$2797,$A16,Data!$D$2:$D$2797) -> 146 | F16: =C16-D16-E16 -> 303 | G16: =IF(C16=0,0,D16/C16*100) -> 5.0739958
... A121: Kolai Pallas | B121: =INDEX(Data!$F$2:$F$2797,MATCH($A121,Data!$G$2:$G$2797,0)) -> Khyber Pakhtunkhwa | C121: =SUMIF(Data!$G$2:$G$2797,$A121,Data!$B$2:$B$2797) -> 0 | D121: =SUMIF(Data!$G$2:$G$2797,$A121,Data!$C$2:$C$2797) -> 0 | E121: =SUMIF(Data!$G$2:$G$2797,$A121,Data!$D$2:$D$2797) -> 0 | F121: =C121-D121-E121 -> 0 | G121: =IF(C121=0,0,D121/C121*100) -> 0
A122: Total | C122: =SUM(C5:C121) -> 83985 | D122: =SUM(D5:D121) -> 1728 | E122: =SUM(E5:E121) -> 24753 | F122: =SUM(F5:F121) -> 57504 | G122: =IF(C122=0,0,D122/C122*100) -> 2.0575103

Sheet KMeans_Data
A1: KMeans_Data: city feature matrix
A2: X1 to X3 link to City_Agg. Transformed columns follow the switch on Clustering_Guide (1 = log). Z columns are STANDARDIZE-style z-scores (guide Step 2).
A4: City | B4: Cases (X1) | C4: Deaths (X2) | D4: Recovered (X3) | E4: Cases_T | F4: Deaths_T | G4: Recovered_T | H4: Z_Cases | I4: Z_Deaths | J4: Z_Recovered
A5: =City_Agg!A5 -> Karachi | B5: =City_Agg!C5 -> 29346 | C5: =City_Agg!D5 -> 498 | D5: =City_Agg!E5 -> 13248 | E5: =IF(Clustering_Guide!$C$7=1,LN(1+MAX(B5,0)),B5) -> 10.286946 | F5: =IF(Clustering_Guide!$C$7=1,LN(1+MAX(C5,0)),C5) -> 6.2126061 | G5: =IF(Clustering_Guide!$C$7=1,LN(1+MAX(D5,0)),D5) -> 9.4916774 | H5: =(E5-AVERAGE(E$5:E$121))/STDEV(E$5:E$121) -> 3.2743088 | I5: =(F5-AVERAGE(F$5:F$121))/STDEV(F$5:F$121) -> 4.0388518 | J5: =(G5-AVERAGE(G$5:G$121))/STDEV(G$5:G$121) -> 3.2527129
A6: =City_Agg!A6 -> Lahore | B6: =City_Agg!C6 -> 28015 | C6: =City_Agg!D6 -> 582 | D6: =City_Agg!E6 -> 3853 | E6: =IF(Clustering_Guide!$C$7=1,LN(1+MAX(B6,0)),B6) -> 10.240531 | F6: =IF(Clustering_Guide!$C$7=1,LN(1+MAX(C6,0)),C6) -> 6.3681872 | G6: =IF(Clustering_Guide!$C$7=1,LN(1+MAX(D6,0)),D6) -> 8.2568668 | H6: =(E6-AVERAGE(E$5:E$121))/STDEV(E$5:E$121) -> 3.2501514 | I6: =(F6-AVERAGE(F$5:F$121))/STDEV(F$5:F$121) -> 4.156841 | J6: =(G6-AVERAGE(G$5:G$121))/STDEV(G$5:G$121) -> 2.6805129
A7: =City_Agg!A7 -> Quetta | B7: =City_Agg!C7 -> 5109 | C7: =City_Agg!D7 -> 49 | D7: =City_Agg!E7 -> 1981 | E7: =IF(Clustering_Guide!$C$7=1,LN(1+MAX(B7,0)),B7) -> 8.5389547 | F7: =IF(Clustering_Guide!$C$7=1,LN(1+MAX(C7,0)),C7) -> 3.912023 | G7: =IF(Clustering_Guide!$C$7=1,LN(1+MAX(D7,0)),D7) -> 7.5918617 | H7: =(E7-AVERAGE(E$5:E$121))/STDEV(E$5:E$121) -> 2.3645319 | I7: =(F7-AVERAGE(F$5:F$121))/STDEV(F$5:F$121) -> 2.2941407 | J7: =(G7-AVERAGE(G$5:G$121))/STDEV(G$5:G$121) -> 2.3723556
A8: =City_Agg!A8 -> Peshawar | B8: =City_Agg!C8 -> 4923 | C8: =City_Agg!D8 -> 265 | D8: =City_Agg!E8 -> 407 | E8: =IF(Clustering_Guide!$C$7=1,LN(1+MAX(B8,0)),B8) -> 8.5018765 | F8: =IF(Clustering_Guide!$C$7=1,LN(1+MAX(C8,0)),C8) -> 5.5834963 | G8: =IF(Clustering_Guide!$C$7=1,LN(1+MAX(D8,0)),D8) -> 6.0112672 | H8: =(E8-AVERAGE(E$5:E$121))/STDEV(E$5:E$121) -> 2.3452338 | I8: =(F8-AVERAGE(F$5:F$121))/STDEV(F$5:F$121) -> 3.5617489 | J8: =(G8-AVERAGE(G$5:G$121))/STDEV(G$5:G$121) -> 1.6399224
A9: =City_Agg!A9 -> Islamabad | B9: =City_Agg!C9 -> 3523 | C9: =City_Agg!D9 -> 36 | D9: =City_Agg!E9 -> 460 | E9: =IF(Clustering_Guide!$C$7=1,LN(1+MAX(B9,0)),B9) -> 8.167352 | F9: =IF(Clustering_Guide!$C$7=1,LN(1+MAX(C9,0)),C9) -> 3.6109179 | G9: =IF(Clustering_Guide!$C$7=1,LN(1+MAX(D9,0)),D9) -> 6.133398 | H9: =(E9-AVERAGE(E$5:E$121))/STDEV(E$5:E$121) -> 2.1711239 | I9: =(F9-AVERAGE(F$5:F$121))/STDEV(F$5:F$121) -> 2.0657893 | J9: =(G9-AVERAGE(G$5:G$121))/STDEV(G$5:G$121) -> 1.6965168
A10: =City_Agg!A10 -> Swat | B10: =City_Agg!C10 -> 958 | C10: =City_Agg!D10 -> 45 | D10: =City_Agg!E10 -> 266 | E10: =IF(Clustering_Guide!$C$7=1,LN(1+MAX(B10,0)),B10) -> 6.8658911 | F10: =IF(Clustering_Guide!$C$7=1,LN(1+MAX(C10,0)),C10) -> 3.8286414 | G10: =IF(Clustering_Guide!$C$7=1,LN(1+MAX(D10,0)),D10) -> 5.5872487 | H10: =(E10-AVERAGE(E$5:E$121))/STDEV(E$5:E$121) -> 1.4937525 | I10: =(F10-AVERAGE(F$5:F$121))/STDEV(F$5:F$121) -> 2.230906 | J10: =(G10-AVERAGE(G$5:G$121))/STDEV(G$5:G$121) -> 1.4434361
A11: =City_Agg!A11 -> Multan | B11: =City_Agg!C11 -> 712 | C11: =City_Agg!D11 -> 2 | D11: =City_Agg!E11 -> 1 | E11: =IF(Clustering_Guide!$C$7=1,LN(1+MAX(B11,0)),B11) -> 6.5694814 | F11: =IF(Clustering_Guide!$C$7=1,LN(1+MAX(C11,0)),C11) -> 1.0986123 | G11: =IF(Clustering_Guide!$C$7=1,LN(1+MAX(D11,0)),D11) -> 0.69314718 | H11: =(E11-AVERAGE(E$5:E$121))/STDEV(E$5:E$121) -> 1.3394801 | I11: =(F11-AVERAGE(F$5:F$121))/STDEV(F$5:F$121) -> 0.16051259 | J11: =(G11-AVERAGE(G$5:G$121))/STDEV(G$5:G$121) -> -0.82444602
A12: =City_Agg!A12 -> Sukkur | B12: =City_Agg!C12 -> 681 | C12: =City_Agg!D12 -> 5 | D12: =City_Agg!E12 -> 488 | E12: =IF(Clustering_Guide!$C$7=1,LN(1+MAX(B12,0)),B12) -> 6.5250297 | F12: =IF(Clustering_Guide!$C$7=1,LN(1+MAX(C12,0)),C12) -> 1.7917595 | G12: =IF(Clustering_Guide!$C$7=1,LN(1+MAX(D12,0)),D12) -> 6.1923625 | H12: =(E12-AVERAGE(E$5:E$121))/STDEV(E$5:E$121) -> 1.3163443 | I12: =(F12-AVERAGE(F$5:F$121))/STDEV(F$5:F$121) -> 0.68618 | J12: =(G12-AVERAGE(G$5:G$121))/STDEV(G$5:G$121) -> 1.7238404
A13: =City_Agg!A13 -> Hyderabad | B13: =City_Agg!C13 -> 610 | C13: =City_Agg!D13 -> 11 | D13: =City_Agg!E13 -> 459 | E13: =IF(Clustering_Guide!$C$7=1,LN(1+MAX(B13,0)),B13) -> 6.415097 | F13: =IF(Clustering_Guide!$C$7=1,LN(1+MAX(C13,0)),C13) -> 2.4849066 | G13: =IF(Clustering_Guide!$C$7=1,LN(1+MAX(D13,0)),D13) -> 6.1312265 | H13: =(E13-AVERAGE(E$5:E$121))/STDEV(E$5:E$121) -> 1.2591276 | I13: =(F13-AVERAGE(F$5:F$121))/STDEV(F$5:F$121) -> 1.2118474 | J13: =(G13-AVERAGE(G$5:G$121))/STDEV(G$5:G$121) -> 1.6955105
A14: =City_Agg!A14 -> Raiwind | B14: =City_Agg!C14 -> 546 | C14: =City_Agg!D14 -> 1 | D14: =City_Agg!E14 -> 1 | E14: =IF(Clustering_Guide!$C$7=1,LN(1+MAX(B14,0)),B14) -> 6.3044488 | F14: =IF(Clustering_Guide!$C$7=1,LN(1+MAX(C14,0)),C14) -> 0.69314718 | G14: =IF(Clustering_Guide!$C$7=1,LN(1+MAX(D14,0)),D14) -> 0.69314718 | H14: =(E14-AVERAGE(E$5:E$121))/STDEV(E$5:E$121) -> 1.2015386 | I14: =(F14-AVERAGE(F$5:F$121))/STDEV(F$5:F$121) -> -0.14698313 | J14: =(G14-AVERAGE(G$5:G$121))/STDEV(G$5:G$121) -> -0.82444602
A15: =City_Agg!A15 -> Malakand | B15: =City_Agg!C15 -> 486 | C15: =City_Agg!D15 -> 16 | D15: =City_Agg!E15 -> 99 | E15: =IF(Clustering_Guide!$C$7=1,LN(1+MAX(B15,0)),B15) -> 6.1882641 | F15: =IF(Clustering_Guide!$C$7=1,LN(1+MAX(C15,0)),C15) -> 2.8332133 | G15: =IF(Clustering_Guide!$C$7=1,LN(1+MAX(D15,0)),D15) -> 4.6051702 | H15: =(E15-AVERAGE(E$5:E$121))/STDEV(E$5:E$121) -> 1.141068 | I15: =(F15-AVERAGE(F$5:F$121))/STDEV(F$5:F$121) -> 1.4759955 | J15: =(G15-AVERAGE(G$5:G$121))/STDEV(G$5:G$121) -> 0.98834987
A16: =City_Agg!A16 -> Mardan | B16: =City_Agg!C16 -> 473 | C16: =City_Agg!D16 -> 24 | D16: =City_Agg!E16 -> 146 | E16: =IF(Clustering_Guide!$C$7=1,LN(1+MAX(B16,0)),B16) -> 6.1612073 | F16: =IF(Clustering_Guide!$C$7=1,LN(1+MAX(C16,0)),C16) -> 3.2188758 | G16: =IF(Clustering_Guide!$C$7=1,LN(1+MAX(D16,0)),D16) -> 4.9904326 | H16: =(E16-AVERAGE(E$5:E$121))/STDEV(E$5:E$121) -> 1.1269857 | I16: =(F16-AVERAGE(F$5:F$121))/STDEV(F$5:F$121) -> 1.7684733 | J16: =(G16-AVERAGE(G$5:G$121))/STDEV(G$5:G$121) -> 1.166877
... A121: =City_Agg!A121 -> Kolai Pallas | B121: =City_Agg!C121 -> 0 | C121: =City_Agg!D121 -> 0 | D121: =City_Agg!E121 -> 0 | E121: =IF(Clustering_Guide!$C$7=1,LN(1+MAX(B121,0)),B121) -> 0 | F121: =IF(Clustering_Guide!$C$7=1,LN(1+MAX(C121,0)),C121) -> 0 | G121: =IF(Clustering_Guide!$C$7=1,LN(1+MAX(D121,0)),D121) -> 0 | H121: =(E121-AVERAGE(E$5:E$121))/STDEV(E$5:E$121) -> -2.079738 | I121: =(F121-AVERAGE(F$5:F$121))/STDEV(F$5:F$121) -> -0.67265055 | J121: =(G121-AVERAGE(G$5:G$121))/STDEV(G$5:G$121) -> -1.1456441

Sheet KMeans_City
A1: K-Means: cities (K = 3)
A2: Manual K-Means with formulas (guide Method C). Each iteration block: distances to the 3 centroids, nearest-centroid assignment, then new centroids = AVERAGEIF of the previous assignment.
A4: Settings | L4: Cluster | M4: Tier | N4: Size | O4: Avg cases | P4: Avg deaths | Q4: Avg recovered | R4: CFR % | S4: Share of cases
A5: Number of clusters K | B5: 3 | L5: 1 | M5: =CHOOSE(RANK(O5,$O$5:$O$7,0),"High burden","Medium burden","Low burden") -> High burden | N5: =COUNTIF($E$23:$E$139,L5) -> 6 | O5: =IFERROR(AVERAGEIF($E$23:$E$139,L5,KMeans_Data!$B$5:$B$121),0) -> 11979 | P5: =IFERROR(AVERAGEIF($E$23:$E$139,L5,KMeans_Data!$C$5:$C$121),0) -> 245.83333 | Q5: =IFERROR(AVERAGEIF($E$23:$E$139,L5,KMeans_Data!$D$5:$D$121),0) -> 3369.1667 | R5: =IFERROR(SUMIF($E$23:$E$139,L5,KMeans_Data!$C$5:$C$121)/SUMIF($E$23:$E$139,L5,KMeans_Data!$B$5:$B$121)*100,0) -> 2.0522025 | S5: =SUMIF($E$23:$E$139,L5,KMeans_Data!$B$5:$B$121)/SUM(KMeans_Data!$B$5:$B$121) -> 0.85579568
A6: Log transform (1 = yes) | B6: =Clustering_Guide!$C$7 -> 1 | L6: 2 | M6: =CHOOSE(RANK(O6,$O$5:$O$7,0),"High burden","Medium burden","Low burden") -> Low burden | N6: =COUNTIF($E$23:$E$139,L6) -> 63 | O6: =IFERROR(AVERAGEIF($E$23:$E$139,L6,KMeans_Data!$B$5:$B$121),0) -> 31.095238 | P6: =IFERROR(AVERAGEIF($E$23:$E$139,L6,KMeans_Data!$C$5:$C$121),0) -> 0.095238095 | Q6: =IFERROR(AVERAGEIF($E$23:$E$139,L6,KMeans_Data!$D$5:$D$121),0) -> 3.2222222 | R6: =IFERROR(SUMIF($E$23:$E$139,L6,KMeans_Data!$C$5:$C$121)/SUMIF($E$23:$E$139,L6,KMeans_Data!$B$5:$B$121)*100,0) -> 0.30627871 | S6: =SUMIF($E$23:$E$139,L6,KMeans_Data!$B$5:$B$121)/SUM(KMeans_Data!$B$5:$B$121) -> 0.023325594
A7: Starting centroids (edit) | L7: 3 | M7: =CHOOSE(RANK(O7,$O$5:$O$7,0),"High burden","Medium burden","Low burden") -> Medium burden | N7: =COUNTIF($E$23:$E$139,L7) -> 48 | O7: =IFERROR(AVERAGEIF($E$23:$E$139,L7,KMeans_Data!$B$5:$B$121),0) -> 211.5 | P7: =IFERROR(AVERAGEIF($E$23:$E$139,L7,KMeans_Data!$C$5:$C$121),0) -> 5.1458333 | Q7: =IFERROR(AVERAGEIF($E$23:$E$139,L7,KMeans_Data!$D$5:$D$121),0) -> 90.3125 | R7: =IFERROR(SUMIF($E$23:$E$139,L7,KMeans_Data!$C$5:$C$121)/SUMIF($E$23:$E$139,L7,KMeans_Data!$B$5:$B$121)*100,0) -> 2.4330181 | S7: =SUMIF($E$23:$E$139,L7,KMeans_Data!$B$5:$B$121)/SUM(KMeans_Data!$B$5:$B$121) -> 0.12087873
A8: Centroid 1 starts at | B8: Karachi | L8: Total | N8: =SUM(N5:N7) -> 117 | S8: =SUM(S5:S7) -> 1
A9: Centroid 2 starts at | B9: Chitral
A10: Centroid 3 starts at | B10: Larkana
A11: Type another label to restart from different points.
L15: Final centroids (z) | X15: Iteration 1 | AC15: Iteration 2 | AH15: Iteration 3 | AM15: Iteration 4 | AR15: Iteration 5 | AW15: Iteration 6 | BB15: Iteration 7 | BG15: Iteration 8 | BL15: Iteration 9 | BQ15: Iteration 10 | BV15: Iteration 11 | CA15: Iteration 12
K16: Z_Cases | L16: =IFERROR(AVERAGEIF($E$23:$E$139,1,$B$23:$B$139),0) -> 2.4831837 | M16: =IFERROR(AVERAGEIF($E$23:$E$139,2,$B$23:$B$139),0) -> -0.6376626 | N16: =IFERROR(AVERAGEIF($E$23:$E$139,3,$B$23:$B$139),0) -> 0.5265342 | W16: Z_Cases | X16: =INDEX($B$23:$B$139,MATCH($B$8,$A$23:$A$139,0)) -> 3.2743088 | Y16: =INDEX($B$23:$B$139,MATCH($B$9,$A$23:$A$139,0)) -> -2.079738 | Z16: =INDEX($B$23:$B$139,MATCH($B$10,$A$23:$A$139,0)) -> 1.0373369 | AC16: =IFERROR(AVERAGEIF($AA$23:$AA$139,1,$B$23:$B$139),X16) -> 2.8085565 | AD16: =IFERROR(AVERAGEIF($AA$23:$AA$139,2,$B$23:$B$139),Y16) -> -0.76438467 | AE16: =IFERROR(AVERAGEIF($AA$23:$AA$139,3,$B$23:$B$139),Z16) -> 0.5091957 | AH16: =IFERROR(AVERAGEIF($AF$23:$AF$139,1,$B$23:$B$139),AC16) -> 2.4831837 | AI16: =IFERROR(AVERAGEIF($AF$23:$AF$139,2,$B$23:$B$139),AD16) -> -0.64142475 | AJ16: =IFERROR(AVERAGEIF($AF$23:$AF$139,3,$B$23:$B$139),AE16) -> 0.50753535 | AM16: =IFERROR(AVERAGEIF($AK$23:$AK$139,1,$B$23:$B$139),AH16) -> 2.4831837 | AN16: =IFERROR(AVERAGEIF($AK$23:$AK$139,2,$B$23:$B$139),AI16) -> -0.6376626 | AO16: =IFERROR(AVERAGEIF($AK$23:$AK$139,3,$B$23:$B$139),AJ16) -> 0.5265342 | AR16: =IFERROR(AVERAGEIF($AP$23:$AP$139,1,$B$23:$B$139),AM16) -> 2.4831837 | AS16: =IFERROR(AVERAGEIF($AP$23:$AP$139,2,$B$23:$B$139),AN16) -> -0.6376626 | AT16: =IFERROR(AVERAGEIF($AP$23:$AP$139,3,$B$23:$B$139),AO16) -> 0.5265342 | AW16: =IFERROR(AVERAGEIF($AU$23:$AU$139,1,$B$23:$B$139),AR16) -> 2.4831837 | AX16: =IFERROR(AVERAGEIF($AU$23:$AU$139,2,$B$23:$B$139),AS16) -> -0.6376626 | AY16: =IFERROR(AVERAGEIF($AU$23:$AU$139,3,$B$23:$B$139),AT16) -> 0.5265342 | BB16: =IFERROR(AVERAGEIF($AZ$23:$AZ$139,1,$B$23:$B$139),AW16) -> 2.4831837 | BC16: =IFERROR(AVERAGEIF($AZ$23:$AZ$139,2,$B$23:$B$139),AX16) -> -0.6376626 | BD16: =IFERROR(AVERAGEIF($AZ$23:$AZ$139,3,$B$23:$B$139),AY16) -> 0.5265342 | BG16: =IFERROR(AVERAGEIF($BE$23:$BE$139,1,$B$23:$B$139),BB16) -> 2.4831837 | BH16: =IFERROR(AVERAGEIF($BE$23:$BE$139,2,$B$23:$B$139),BC16) -> -0.6376626 | BI16: =IFERROR(AVERAGEIF($BE$23:$BE$139,3,$B$23:$B$139),BD16) -> 0.5265342 | BL16: =IFERROR(AVERAGEIF($BJ$23:$BJ$139,1,$B$23:$B$139),BG16) -> 2.4831837 | BM16: =IFERROR(AVERAGEIF($BJ$23:$BJ$139,2,$B$23:$B$139),BH16) -> -0.6376626 | BN16: =IFERROR(AVERAGEIF($BJ$23:$BJ$139,3,$B$23:$B$139),BI16) -> 0.5265342 | BQ16: =IFERROR(AVERAGEIF($BO$23:$BO$139,1,$B$23:$B$139),BL16) -> 2.4831837 | BR16: =IFERROR(AVERAGEIF($BO$23:$BO$139,2,$B$23:$B$139),BM16) -> -0.6376626 | BS16: =IFERROR(AVERAGEIF($BO$23:$BO$139,3,$B$23:$B$139),BN16) -> 0.5265342 | BV16: =IFERROR(AVERAGEIF($BT$23:$BT$139,1,$B$23:$B$139),BQ16) -> 2.4831837 | BW16: =IFERROR(AVERAGEIF($BT$23:$BT$139,2,$B$23:$B$139),BR16) -> -0.6376626 | BX16: =IFERROR(AVERAGEIF($BT$23:$BT$139,3,$B$23:$B$139),BS16) -> 0.5265342 | CA16: =IFERROR(AVERAGEIF($BY$23:$BY$139,1,$B$23:$B$139),BV16) -> 2.4831837 | CB16: =IFERROR(AVERAGEIF($BY$23:$BY$139,2,$B$23:$B$139),BW16) -> -0.6376626 | CC16: =IFERROR(AVERAGEIF($BY$23:$BY$139,3,$B$23:$B$139),BX16) -> 0.5265342
K17: Z_Deaths | L17: =IFERROR(AVERAGEIF($E$23:$E$139,1,$C$23:$C$139),0) -> 3.0580463 | M17: =IFERROR(AVERAGEIF($E$23:$E$139,2,$C$23:$C$139),0) -> -0.62258698 | N17: =IFERROR(AVERAGEIF($E$23:$E$139,3,$C$23:$C$139),0) -> 0.43488963 | W17: Z_Deaths | X17: =INDEX($C$23:$C$139,MATCH($B$8,$A$23:$A$139,0)) -> 4.0388518 | Y17: =INDEX($C$23:$C$139,MATCH($B$9,$A$23:$A$139,0)) -> -0.67265055 | Z17: =INDEX($C$23:$C$139,MATCH($B$10,$A$23:$A$139,0)) -> 0.37868428 | AC17: =IFERROR(AVERAGEIF($AA$23:$AA$139,1,$C$23:$C$139),X17) -> 3.5128956 | AD17: =IFERROR(AVERAGEIF($AA$23:$AA$139,2,$C$23:$C$139),Y17) -> -0.6434468 | AE17: =IFERROR(AVERAGEIF($AA$23:$AA$139,3,$C$23:$C$139),Z17) -> 0.350755 | AH17: =IFERROR(AVERAGEIF($AF$23:$AF$139,1,$C$23:$C$139),AC17) -> 3.0580463 | AI17: =IFERROR(AVERAGEIF($AF$23:$AF$139,2,$C$23:$C$139),AD17) -> -0.63025801 | AJ17: =IFERROR(AVERAGEIF($AF$23:$AF$139,3,$C$23:$C$139),AE17) -> 0.42301467 | AM17: =IFERROR(AVERAGEIF($AK$23:$AK$139,1,$C$23:$C$139),AH17) -> 3.0580463 | AN17: =IFERROR(AVERAGEIF($AK$23:$AK$139,2,$C$23:$C$139),AI17) -> -0.62258698 | AO17: =IFERROR(AVERAGEIF($AK$23:$AK$139,3,$C$23:$C$139),AJ17) -> 0.43488963 | AR17: =IFERROR(AVERAGEIF($AP$23:$AP$139,1,$C$23:$C$139),AM17) -> 3.0580463 | AS17: =IFERROR(AVERAGEIF($AP$23:$AP$139,2,$C$23:$C$139),AN17) -> -0.62258698 | AT17: =IFERROR(AVERAGEIF($AP$23:$AP$139,3,$C$23:$C$139),AO17) -> 0.43488963 | AW17: =IFERROR(AVERAGEIF($AU$23:$AU$139,1,$C$23:$C$139),AR17) -> 3.0580463 | AX17: =IFERROR(AVERAGEIF($AU$23:$AU$139,2,$C$23:$C$139),AS17) -> -0.62258698 | AY17: =IFERROR(AVERAGEIF($AU$23:$AU$139,3,$C$23:$C$139),AT17) -> 0.43488963 | BB17: =IFERROR(AVERAGEIF($AZ$23:$AZ$139,1,$C$23:$C$139),AW17) -> 3.0580463 | BC17: =IFERROR(AVERAGEIF($AZ$23:$AZ$139,2,$C$23:$C$139),AX17) -> -0.62258698 | BD17: =IFERROR(AVERAGEIF($AZ$23:$AZ$139,3,$C$23:$C$139),AY17) -> 0.43488963 | BG17: =IFERROR(AVERAGEIF($BE$23:$BE$139,1,$C$23:$C$139),BB17) -> 3.0580463 | BH17: =IFERROR(AVERAGEIF($BE$23:$BE$139,2,$C$23:$C$139),BC17) -> -0.62258698 | BI17: =IFERROR(AVERAGEIF($BE$23:$BE$139,3,$C$23:$C$139),BD17) -> 0.43488963 | BL17: =IFERROR(AVERAGEIF($BJ$23:$BJ$139,1,$C$23:$C$139),BG17) -> 3.0580463 | BM17: =IFERROR(AVERAGEIF($BJ$23:$BJ$139,2,$C$23:$C$139),BH17) -> -0.62258698 | BN17: =IFERROR(AVERAGEIF($BJ$23:$BJ$139,3,$C$23:$C$139),BI17) -> 0.43488963 | BQ17: =IFERROR(AVERAGEIF($BO$23:$BO$139,1,$C$23:$C$139),BL17) -> 3.0580463 | BR17: =IFERROR(AVERAGEIF($BO$23:$BO$139,2,$C$23:$C$139),BM17) -> -0.62258698 | BS17: =IFERROR(AVERAGEIF($BO$23:$BO$139,3,$C$23:$C$139),BN17) -> 0.43488963 | BV17: =IFERROR(AVERAGEIF($BT$23:$BT$139,1,$C$23:$C$139),BQ17) -> 3.0580463 | BW17: =IFERROR(AVERAGEIF($BT$23:$BT$139,2,$C$23:$C$139),BR17) -> -0.62258698 | BX17: =IFERROR(AVERAGEIF($BT$23:$BT$139,3,$C$23:$C$139),BS17) -> 0.43488963 | CA17: =IFERROR(AVERAGEIF($BY$23:$BY$139,1,$C$23:$C$139),BV17) -> 3.0580463 | CB17: =IFERROR(AVERAGEIF($BY$23:$BY$139,2,$C$23:$C$139),BW17) -> -0.62258698 | CC17: =IFERROR(AVERAGEIF($BY$23:$BY$139,3,$C$23:$C$139),BX17) -> 0.43488963
K18: Z_Recovered | L18: =IFERROR(AVERAGEIF($E$23:$E$139,1,$D$23:$D$139),0) -> 2.1809094 | M18: =IFERROR(AVERAGEIF($E$23:$E$139,2,$D$23:$D$139),0) -> -0.7416414 | N18: =IFERROR(AVERAGEIF($E$23:$E$139,3,$D$23:$D$139),0) -> 0.70079065 | W18: Z_Recovered | X18: =INDEX($D$23:$D$139,MATCH($B$8,$A$23:$A$139,0)) -> 3.2527129 | Y18: =INDEX($D$23:$D$139,MATCH($B$9,$A$23:$A$139,0)) -> -1.1456441 | Z18: =INDEX($D$23:$D$139,MATCH($B$10,$A$23:$A$139,0)) -> 1.4704046 | AC18: =IFERROR(AVERAGEIF($AA$23:$AA$139,1,$D$23:$D$139),X18) -> 2.4863759 | AD18: =IFERROR(AVERAGEIF($AA$23:$AA$139,2,$D$23:$D$139),Y18) -> -0.82641526 | AE18: =IFERROR(AVERAGEIF($AA$23:$AA$139,3,$D$23:$D$139),Z18) -> 0.58781221 | AH18: =IFERROR(AVERAGEIF($AF$23:$AF$139,1,$D$23:$D$139),AC18) -> 2.1809094 | AI18: =IFERROR(AVERAGEIF($AF$23:$AF$139,2,$D$23:$D$139),AD18) -> -0.75584768 | AJ18: =IFERROR(AVERAGEIF($AF$23:$AF$139,3,$D$23:$D$139),AE18) -> 0.68932856 | AM18: =IFERROR(AVERAGEIF($AK$23:$AK$139,1,$D$23:$D$139),AH18) -> 2.1809094 | AN18: =IFERROR(AVERAGEIF($AK$23:$AK$139,2,$D$23:$D$139),AI18) -> -0.7416414 | AO18: =IFERROR(AVERAGEIF($AK$23:$AK$139,3,$D$23:$D$139),AJ18) -> 0.70079065 | AR18: =IFERROR(AVERAGEIF($AP$23:$AP$139,1,$D$23:$D$139),AM18) -> 2.1809094 | AS18: =IFERROR(AVERAGEIF($AP$23:$AP$139,2,$D$23:$D$139),AN18) -> -0.7416414 | AT18: =IFERROR(AVERAGEIF($AP$23:$AP$139,3,$D$23:$D$139),AO18) -> 0.70079065 | AW18: =IFERROR(AVERAGEIF($AU$23:$AU$139,1,$D$23:$D$139),AR18) -> 2.1809094 | AX18: =IFERROR(AVERAGEIF($AU$23:$AU$139,2,$D$23:$D$139),AS18) -> -0.7416414 | AY18: =IFERROR(AVERAGEIF($AU$23:$AU$139,3,$D$23:$D$139),AT18) -> 0.70079065 | BB18: =IFERROR(AVERAGEIF($AZ$23:$AZ$139,1,$D$23:$D$139),AW18) -> 2.1809094 | BC18: =IFERROR(AVERAGEIF($AZ$23:$AZ$139,2,$D$23:$D$139),AX18) -> -0.7416414 | BD18: =IFERROR(AVERAGEIF($AZ$23:$AZ$139,3,$D$23:$D$139),AY18) -> 0.70079065 | BG18: =IFERROR(AVERAGEIF($BE$23:$BE$139,1,$D$23:$D$139),BB18) -> 2.1809094 | BH18: =IFERROR(AVERAGEIF($BE$23:$BE$139,2,$D$23:$D$139),BC18) -> -0.7416414 | BI18: =IFERROR(AVERAGEIF($BE$23:$BE$139,3,$D$23:$D$139),BD18) -> 0.70079065 | BL18: =IFERROR(AVERAGEIF($BJ$23:$BJ$139,1,$D$23:$D$139),BG18) -> 2.1809094 | BM18: =IFERROR(AVERAGEIF($BJ$23:$BJ$139,2,$D$23:$D$139),BH18) -> -0.7416414 | BN18: =IFERROR(AVERAGEIF($BJ$23:$BJ$139,3,$D$23:$D$139),BI18) -> 0.70079065 | BQ18: =IFERROR(AVERAGEIF($BO$23:$BO$139,1,$D$23:$D$139),BL18) -> 2.1809094 | BR18: =IFERROR(AVERAGEIF($BO$23:$BO$139,2,$D$23:$D$139),BM18) -> -0.7416414 | BS18: =IFERROR(AVERAGEIF($BO$23:$BO$139,3,$D$23:$D$139),BN18) -> 0.70079065 | BV18: =IFERROR(AVERAGEIF($BT$23:$BT$139,1,$D$23:$D$139),BQ18) -> 2.1809094 | BW18: =IFERROR(AVERAGEIF($BT$23:$BT$139,2,$D$23:$D$139),BR18) -> -0.7416414 | BX18: =IFERROR(AVERAGEIF($BT$23:$BT$139,3,$D$23:$D$139),BS18) -> 0.70079065 | CA18: =IFERROR(AVERAGEIF($BY$23:$BY$139,1,$D$23:$D$139),BV18) -> 2.1809094 | CB18: =IFERROR(AVERAGEIF($BY$23:$BY$139,2,$D$23:$D$139),BW18) -> -0.7416414 | CC18: =IFERROR(AVERAGEIF($BY$23:$BY$139,3,$D$23:$D$139),BX18) -> 0.70079065
K19: Cluster size | L19: =COUNTIF($E$23:$E$139,1) -> 6 | M19: =COUNTIF($E$23:$E$139,2) -> 63 | N19: =COUNTIF($E$23:$E$139,3) -> 48 | W19: Cluster size | X19: =COUNTIF($AA$23:$AA$139,1) -> 4 | Y19: =COUNTIF($AA$23:$AA$139,2) -> 54 | Z19: =COUNTIF($AA$23:$AA$139,3) -> 59 | AC19: =COUNTIF($AF$23:$AF$139,1) -> 6 | AD19: =COUNTIF($AF$23:$AF$139,2) -> 62 | AE19: =COUNTIF($AF$23:$AF$139,3) -> 49 | AH19: =COUNTIF($AK$23:$AK$139,1) -> 6 | AI19: =COUNTIF($AK$23:$AK$139,2) -> 63 | AJ19: =COUNTIF($AK$23:$AK$139,3) -> 48 | AM19: =COUNTIF($AP$23:$AP$139,1) -> 6 | AN19: =COUNTIF($AP$23:$AP$139,2) -> 63 | AO19: =COUNTIF($AP$23:$AP$139,3) -> 48 | AR19: =COUNTIF($AU$23:$AU$139,1) -> 6 | AS19: =COUNTIF($AU$23:$AU$139,2) -> 63 | AT19: =COUNTIF($AU$23:$AU$139,3) -> 48 | AW19: =COUNTIF($AZ$23:$AZ$139,1) -> 6 | AX19: =COUNTIF($AZ$23:$AZ$139,2) -> 63 | AY19: =COUNTIF($AZ$23:$AZ$139,3) -> 48 | BB19: =COUNTIF($BE$23:$BE$139,1) -> 6 | BC19: =COUNTIF($BE$23:$BE$139,2) -> 63 | BD19: =COUNTIF($BE$23:$BE$139,3) -> 48 | BG19: =COUNTIF($BJ$23:$BJ$139,1) -> 6 | BH19: =COUNTIF($BJ$23:$BJ$139,2) -> 63 | BI19: =COUNTIF($BJ$23:$BJ$139,3) -> 48 | BL19: =COUNTIF($BO$23:$BO$139,1) -> 6 | BM19: =COUNTIF($BO$23:$BO$139,2) -> 63 | BN19: =COUNTIF($BO$23:$BO$139,3) -> 48 | BQ19: =COUNTIF($BT$23:$BT$139,1) -> 6 | BR19: =COUNTIF($BT$23:$BT$139,2) -> 63 | BS19: =COUNTIF($BT$23:$BT$139,3) -> 48 | BV19: =COUNTIF($BY$23:$BY$139,1) -> 6 | BW19: =COUNTIF($BY$23:$BY$139,2) -> 63 | BX19: =COUNTIF($BY$23:$BY$139,3) -> 48 | CA19: =COUNTIF($CD$23:$CD$139,1) -> 6 | CB19: =COUNTIF($CD$23:$CD$139,2) -> 63 | CC19: =COUNTIF($CD$23:$CD$139,3) -> 48
K20: WCSS by cluster | L20: =SUMIF($E$23:$E$139,1,$F$23:$F$139) -> 9.5051026 | M20: =SUMIF($E$23:$E$139,2,$F$23:$F$139) -> 43.131945 | N20: =SUMIF($E$23:$E$139,3,$F$23:$F$139) -> 43.07049 | W20: Reassigned | AA20: start | AF20: =SUMPRODUCT(--($AF$23:$AF$139<>$AA$23:$AA$139)) -> 10 | AK20: =SUMPRODUCT(--($AK$23:$AK$139<>$AF$23:$AF$139)) -> 1 | AP20: =SUMPRODUCT(--($AP$23:$AP$139<>$AK$23:$AK$139)) -> 0 | AU20: =SUMPRODUCT(--($AU$23:$AU$139<>$AP$23:$AP$139)) -> 0 | AZ20: =SUMPRODUCT(--($AZ$23:$AZ$139<>$AU$23:$AU$139)) -> 0 | BE20: =SUMPRODUCT(--($BE$23:$BE$139<>$AZ$23:$AZ$139)) -> 0 | BJ20: =SUMPRODUCT(--($BJ$23:$BJ$139<>$BE$23:$BE$139)) -> 0 | BO20: =SUMPRODUCT(--($BO$23:$BO$139<>$BJ$23:$BJ$139)) -> 0 | BT20: =SUMPRODUCT(--($BT$23:$BT$139<>$BO$23:$BO$139)) -> 0 | BY20: =SUMPRODUCT(--($BY$23:$BY$139<>$BT$23:$BT$139)) -> 0 | CD20: =SUMPRODUCT(--($CD$23:$CD$139<>$BY$23:$BY$139)) -> 0
K21: Total WCSS | L21: =SUM($F$23:$F$139) -> 95.707537 | M21: Status | N21: =IF(CD20=0,"Converged","Not converged: more iterations needed") -> Converged
A22: Label | B22: Z_Cases | C22: Z_Deaths | D22: Z_Recovered | E22: Cluster | F22: Sq. distance | G22: Tier | H22: a(i) | I22: b(i) | J22: Silhouette s(i) | X22: Dist C1 | Y22: Dist C2 | Z22: Dist C3 | AA22: Cluster | AC22: Dist C1 | AD22: Dist C2 | AE22: Dist C3 | AF22: Cluster | AH22: Dist C1 | AI22: Dist C2 | AJ22: Dist C3 | AK22: Cluster | AM22: Dist C1 | AN22: Dist C2 | AO22: Dist C3 | AP22: Cluster | AR22: Dist C1 | AS22: Dist C2 | AT22: Dist C3 | AU22: Cluster | AW22: Dist C1 | AX22: Dist C2 | AY22: Dist C3 | AZ22: Cluster | BB22: Dist C1 | BC22: Dist C2 | BD22: Dist C3 | BE22: Cluster | BG22: Dist C1 | BH22: Dist C2 | BI22: Dist C3 | BJ22: Cluster | BL22: Dist C1 | BM22: Dist C2 | BN22: Dist C3 | BO22: Cluster | BQ22: Dist C1 | BR22: Dist C2 | BS22: Dist C3 | BT22: Cluster | BV22: Dist C1 | BW22: Dist C2 | BX22: Dist C3 | BY22: Cluster | CA22: Dist C1 | CB22: Dist C2 | CC22: Dist C3 | CD22: Cluster
A23: =KMeans_Data!A5 -> Karachi | B23: =KMeans_Data!H5 -> 3.2743088 | C23: =KMeans_Data!I5 -> 4.0388518 | D23: =KMeans_Data!J5 -> 3.2527129 | E23: =CD23 -> 1 | F23: =($B23-INDEX($L$16:$N$16,E23))^2+($C23-INDEX($L$17:$N$17,E23))^2+($D23-INDEX($L$18:$N$18,E23))^2 -> 2.7366209 | G23: =INDEX($M$5:$M$7,E23) -> High burden | H23: =IF(COUNTIF(Distance_Matrix!$E$9:$DQ$9,$E23)<=1,0,SUMIF(Distance_Matrix!$E$9:$DQ$9,$E23,Distance_Matrix!$E$14:$DQ$14)/(COUNTIF(Distance_Matrix!$E$9:$DQ$9,$E23)-1)) -> 2.1045388 | I23: =MIN(IF(1=$E23,1E+99,IF(COUNTIF(Distance_Matrix!$E$9:$DQ$9,1)=0,1E+99,SUMIF(Distance_Matrix!$E$9:$DQ$9,1,Distance_Matrix!$E$14:$DQ$14)/COUNTIF(Distance_Matrix!$E$9:$DQ$9,1))),IF(2=$E23,1E+99,IF(COUNTIF(Distance_Matrix!$E$9:$DQ$9,2)=0,1E+99,SUMIF(Distance_Matrix!$E$9:$DQ$9,2,Distance_Matrix!$E$14:$DQ$14)/COUNTIF(Distance_Matrix!$E$9:$DQ$9,2))),IF(3=$E23,1E+99,IF(COUNTIF(Distance_Matrix!$E$9:$DQ$9,3)=0,1E+99,SUMIF(Distance_Matrix!$E$9:$DQ$9,3,Distance_Matrix!$E$14:$DQ$14)/COUNTIF(Distance_Matrix!$E$9:$DQ$9,3)))) -> 5.2349905 | J23: =IF(COUNTIF(Distance_Matrix!$E$9:$DQ$9,$E23)<=1,0,(I23-H23)/MAX(H23,I23)) -> 0.59798614 | X23: =SQRT(($B23-X$16)^2+($C23-X$17)^2+($D23-X$18)^2) -> 0 | Y23: =SQRT(($B23-Y$16)^2+($C23-Y$17)^2+($D23-Y$18)^2) -> 8.3791178 | Z23: =SQRT(($B23-Z$16)^2+($C23-Z$17)^2+($D23-Z$18)^2) -> 4.6451579 | AA23: =MATCH(MIN(X23:Z23),X23:Z23,0) -> 1 | AC23: =SQRT(($B23-AC$16)^2+($C23-AC$17)^2+($D23-AC$18)^2) -> 1.0396285 | AD23: =SQRT(($B23-AD$16)^2+($C23-AD$17)^2+($D23-AD$18)^2) -> 7.4077156 | AE23: =SQRT(($B23-AE$16)^2+($C23-AE$17)^2+($D23-AE$18)^2) -> 5.3244346 | AF23: =MATCH(MIN(AC23:AE23),AC23:AE23,0) -> 1 | AH23: =SQRT(($B23-AH$16)^2+($C23-AH$17)^2+($D23-AH$18)^2) -> 1.6542735 | AI23: =SQRT(($B23-AI$16)^2+($C23-AI$17)^2+($D23-AI$18)^2) -> 7.2939779 | AJ23: =SQRT(($B23-AJ$16)^2+($C23-AJ$17)^2+($D23-AJ$18)^2) -> 5.2249643 | AK23: =MATCH(MIN(AH23:AJ23),AH23:AJ23,0) -> 1 | AM23: =SQRT(($B23-AM$16)^2+($C23-AM$17)^2+($D23-AM$18)^2) -> 1.6542735 | AN23: =SQRT(($B23-AN$16)^2+($C23-AN$17)^2+($D23-AN$18)^2) -> 7.2792443 | AO23: =SQRT(($B23-AO$16)^2+($C23-AO$17)^2+($D23-AO$18)^2) -> 5.2010687 | AP23: =MATCH(MIN(AM23:AO23),AM23:AO23,0) -> 1 | AR23: =SQRT(($B23-AR$16)^2+($C23-AR$17)^2+($D23-AR$18)^2) -> 1.6542735 | AS23: =SQRT(($B23-AS$16)^2+($C23-AS$17)^2+($D23-AS$18)^2) -> 7.2792443 | AT23: =SQRT(($B23-AT$16)^2+($C23-AT$17)^2+($D23-AT$18)^2) -> 5.2010687 | AU23: =MATCH(MIN(AR23:AT23),AR23:AT23,0) -> 1 | AW23: =SQRT(($B23-AW$16)^2+($C23-AW$17)^2+($D23-AW$18)^2) -> 1.6542735 | AX23: =SQRT(($B23-AX$16)^2+($C23-AX$17)^2+($D23-AX$18)^2) -> 7.2792443 | AY23: =SQRT(($B23-AY$16)^2+($C23-AY$17)^2+($D23-AY$18)^2) -> 5.2010687 | AZ23: =MATCH(MIN(AW23:AY23),AW23:AY23,0) -> 1 | BB23: =SQRT(($B23-BB$16)^2+($C23-BB$17)^2+($D23-BB$18)^2) -> 1.6542735 | BC23: =SQRT(($B23-BC$16)^2+($C23-BC$17)^2+($D23-BC$18)^2) -> 7.2792443 | BD23: =SQRT(($B23-BD$16)^2+($C23-BD$17)^2+($D23-BD$18)^2) -> 5.2010687 | BE23: =MATCH(MIN(BB23:BD23),BB23:BD23,0) -> 1 | BG23: =SQRT(($B23-BG$16)^2+($C23-BG$17)^2+($D23-BG$18)^2) -> 1.6542735 | BH23: =SQRT(($B23-BH$16)^2+($C23-BH$17)^2+($D23-BH$18)^2) -> 7.2792443 | BI23: =SQRT(($B23-BI$16)^2+($C23-BI$17)^2+($D23-BI$18)^2) -> 5.2010687 | BJ23: =MATCH(MIN(BG23:BI23),BG23:BI23,0) -> 1 | BL23: =SQRT(($B23-BL$16)^2+($C23-BL$17)^2+($D23-BL$18)^2) -> 1.6542735 | BM23: =SQRT(($B23-BM$16)^2+($C23-BM$17)^2+($D23-BM$18)^2) -> 7.2792443 | BN23: =SQRT(($B23-BN$16)^2+($C23-BN$17)^2+($D23-BN$18)^2) -> 5.2010687 | BO23: =MATCH(MIN(BL23:BN23),BL23:BN23,0) -> 1 | BQ23: =SQRT(($B23-BQ$16)^2+($C23-BQ$17)^2+($D23-BQ$18)^2) -> 1.6542735 | BR23: =SQRT(($B23-BR$16)^2+($C23-BR$17)^2+($D23-BR$18)^2) -> 7.2792443 | BS23: =SQRT(($B23-BS$16)^2+($C23-BS$17)^2+($D23-BS$18)^2) -> 5.2010687 | BT23: =MATCH(MIN(BQ23:BS23),BQ23:BS23,0) -> 1 | BV23: =SQRT(($B23-BV$16)^2+($C23-BV$17)^2+($D23-BV$18)^2) -> 1.6542735 | BW23: =SQRT(($B23-BW$16)^2+($C23-BW$17)^2+($D23-BW$18)^2) -> 7.2792443 | BX23: =SQRT(($B23-BX$16)^2+($C23-BX$17)^2+($D23-BX$18)^2) -> 5.2010687 | BY23: =MATCH(MIN(BV23:BX23),BV23:BX23,0) -> 1 | CA23: =SQRT(($B23-CA$16)^2+($C23-CA$17)^2+($D23-CA$18)^2) -> 1.6542735 | CB23: =SQRT(($B23-CB$16)^2+($C23-CB$17)^2+($D23-CB$18)^2) -> 7.2792443 | CC23: =SQRT(($B23-CC$16)^2+($C23-CC$17)^2+($D23-CC$18)^2) -> 5.2010687 | CD23: =MATCH(MIN(CA23:CC23),CA23:CC23,0) -> 1
A24: =KMeans_Data!A6 -> Lahore | B24: =KMeans_Data!H6 -> 3.2501514 | C24: =KMeans_Data!I6 -> 4.156841 | D24: =KMeans_Data!J6 -> 2.6805129 | E24: =CD24 -> 1 | F24: =($B24-INDEX($L$16:$N$16,E24))^2+($C24-INDEX($L$17:$N$17,E24))^2+($D24-INDEX($L$18:$N$18,E24))^2 -> 2.0451929 | G24: =INDEX($M$5:$M$7,E24) -> High burden | H24: =IF(COUNTIF(Distance_Matrix!$E$9:$DQ$9,$E24)<=1,0,SUMIF(Distance_Matrix!$E$9:$DQ$9,$E24,Distance_Matrix!$E$15:$DQ$15)/(COUNTIF(Distance_Matrix!$E$9:$DQ$9,$E24)-1)) -> 1.9215633 | I24: =MIN(IF(1=$E24,1E+99,IF(COUNTIF(Distance_Matrix!$E$9:$DQ$9,1)=0,1E+99,SUMIF(Distance_Matrix!$E$9:$DQ$9,1,Distance_Matrix!$E$15:$DQ$15)/COUNTIF(Distance_Matrix!$E$9:$DQ$9,1))),IF(2=$E24,1E+99,IF(COUNTIF(Distance_Matrix!$E$9:$DQ$9,2)=0,1E+99,SUMIF(Distance_Matrix!$E$9:$DQ$9,2,Distance_Matrix!$E$15:$DQ$15)/COUNTIF(Distance_Matrix!$E$9:$DQ$9,2))),IF(3=$E24,1E+99,IF(COUNTIF(Distance_Matrix!$E$9:$DQ$9,3)=0,1E+99,SUMIF(Distance_Matrix!$E$9:$DQ$9,3,Distance_Matrix!$E$15:$DQ$15)/COUNTIF(Distance_Matrix!$E$9:$DQ$9,3)))) -> 5.053888 | J24: =IF(COUNTIF(Distance_Matrix!$E$9:$DQ$9,$E24)<=1,0,(I24-H24)/MAX(H24,I24)) -> 0.61978514 | X24: =SQRT(($B24-X$16)^2+($C24-X$17)^2+($D24-X$18)^2) -> 0.58473741 | Y24: =SQRT(($B24-Y$16)^2+($C24-Y$17)^2+($D24-Y$18)^2) -> 8.1468514 | Z24: =SQRT(($B24-Z$16)^2+($C24-Z$17)^2+($D24-Z$18)^2) -> 4.542618 | AA24: =MATCH(MIN(X24:Z24),X24:Z24,0) -> 1 | AC24: =SQRT(($B24-AC$16)^2+($C24-AC$17)^2+($D24-AC$18)^2) -> 0.80458743 | AD24: =SQRT(($B24-AD$16)^2+($C24-AD$17)^2+($D24-AD$18)^2) -> 7.1734098 | AE24: =SQRT(($B24-AE$16)^2+($C24-AE$17)^2+($D24-AE$18)^2) -> 5.1360029 | AF24: =MATCH(MIN(AC24:AE24),AC24:AE24,0) -> 1 | AH24: =SQRT(($B24-AH$16)^2+($C24-AH$17)^2+($D24-AH$18)^2) -> 1.4301024 | AI24: =SQRT(($B24-AI$16)^2+($C24-AI$17)^2+($D24-AI$18)^2) -> 7.0618168 | AJ24: =SQRT(($B24-AJ$16)^2+($C24-AJ$17)^2+($D24-AJ$18)^2) -> 5.0426399 | AK24: =MATCH(MIN(AH24:AJ24),AH24:AJ24,0) -> 1 | AM24: =SQRT(($B24-AM$16)^2+($C24-AM$17)^2+($D24-AM$18)^2) -> 1.4301024 | AN24: =SQRT(($B24-AN$16)^2+($C24-AN$17)^2+($D24-AN$18)^2) -> 7.0476358 | AO24: =SQRT(($B24-AO$16)^2+($C24-AO$17)^2+($D24-AO$18)^2) -> 5.0189952 | AP24: =MATCH(MIN(AM24:AO24),AM24:AO24,0) -> 1 | AR24: =SQRT(($B24-AR$16)^2+($C24-AR$17)^2+($D24-AR$18)^2) -> 1.4301024 | AS24: =SQRT(($B24-AS$16)^2+($C24-AS$17)^2+($D24-AS$18)^2) -> 7.0476358 | AT24: =SQRT(($B24-AT$16)^2+($C24-AT$17)^2+($D24-AT$18)^2) -> 5.0189952 | AU24: =MATCH(MIN(AR24:AT24),AR24:AT24,0) -> 1 | AW24: =SQRT(($B24-AW$16)^2+($C24-AW$17)^2+($D24-AW$18)^2) -> 1.4301024 | AX24: =SQRT(($B24-AX$16)^2+($C24-AX$17)^2+($D24-AX$18)^2) -> 7.0476358 | AY24: =SQRT(($B24-AY$16)^2+($C24-AY$17)^2+($D24-AY$18)^2) -> 5.0189952 | AZ24: =MATCH(MIN(AW24:AY24),AW24:AY24,0) -> 1 | BB24: =SQRT(($B24-BB$16)^2+($C24-BB$17)^2+($D24-BB$18)^2) -> 1.4301024 | BC24: =SQRT(($B24-BC$16)^2+($C24-BC$17)^2+($D24-BC$18)^2) -> 7.0476358 | BD24: =SQRT(($B24-BD$16)^2+($C24-BD$17)^2+($D24-BD$18)^2) -> 5.0189952 | BE24: =MATCH(MIN(BB24:BD24),BB24:BD24,0) -> 1 | BG24: =SQRT(($B24-BG$16)^2+($C24-BG$17)^2+($D24-BG$18)^2) -> 1.4301024 | BH24: =SQRT(($B24-BH$16)^2+($C24-BH$17)^2+($D24-BH$18)^2) -> 7.0476358 | BI24: =SQRT(($B24-BI$16)^2+($C24-BI$17)^2+($D24-BI$18)^2) -> 5.0189952 | BJ24: =MATCH(MIN(BG24:BI24),BG24:BI24,0) -> 1 | BL24: =SQRT(($B24-BL$16)^2+($C24-BL$17)^2+($D24-BL$18)^2) -> 1.4301024 | BM24: =SQRT(($B24-BM$16)^2+($C24-BM$17)^2+($D24-BM$18)^2) -> 7.0476358 | BN24: =SQRT(($B24-BN$16)^2+($C24-BN$17)^2+($D24-BN$18)^2) -> 5.0189952 | BO24: =MATCH(MIN(BL24:BN24),BL24:BN24,0) -> 1 | BQ24: =SQRT(($B24-BQ$16)^2+($C24-BQ$17)^2+($D24-BQ$18)^2) -> 1.4301024 | BR24: =SQRT(($B24-BR$16)^2+($C24-BR$17)^2+($D24-BR$18)^2) -> 7.0476358 | BS24: =SQRT(($B24-BS$16)^2+($C24-BS$17)^2+($D24-BS$18)^2) -> 5.0189952 | BT24: =MATCH(MIN(BQ24:BS24),BQ24:BS24,0) -> 1 | BV24: =SQRT(($B24-BV$16)^2+($C24-BV$17)^2+($D24-BV$18)^2) -> 1.4301024 | BW24: =SQRT(($B24-BW$16)^2+($C24-BW$17)^2+($D24-BW$18)^2) -> 7.0476358 | BX24: =SQRT(($B24-BX$16)^2+($C24-BX$17)^2+($D24-BX$18)^2) -> 5.0189952 | BY24: =MATCH(MIN(BV24:BX24),BV24:BX24,0) -> 1 | CA24: =SQRT(($B24-CA$16)^2+($C24-CA$17)^2+($D24-CA$18)^2) -> 1.4301024 | CB24: =SQRT(($B24-CB$16)^2+($C24-CB$17)^2+($D24-CB$18)^2) -> 7.0476358 | CC24: =SQRT(($B24-CC$16)^2+($C24-CC$17)^2+($D24-CC$18)^2) -> 5.0189952 | CD24: =MATCH(MIN(CA24:CC24),CA24:CC24,0) -> 1
A25: =KMeans_Data!A7 -> Quetta | B25: =KMeans_Data!H7 -> 2.3645319 | C25: =KMeans_Data!I7 -> 2.2941407 | D25: =KMeans_Data!J7 -> 2.3723556 | E25: =CD25 -> 1 | F25: =($B25-INDEX($L$16:$N$16,E25))^2+($C25-INDEX($L$17:$N$17,E25))^2+($D25-INDEX($L$18:$N$18,E25))^2 -> 0.63428158 | G25: =INDEX($M$5:$M$7,E25) -> High burden | H25: =IF(COUNTIF(Distance_Matrix!$E$9:$DQ$9,$E25)<=1,0,SUMIF(Distance_Matrix!$E$9:$DQ$9,$E25,Distance_Matrix!$E$16:$DQ$16)/(COUNTIF(Distance_Matrix!$E$9:$DQ$9,$E25)-1)) -> 1.5438209 | I25: =MIN(IF(1=$E25,1E+99,IF(COUNTIF(Distance_Matrix!$E$9:$DQ$9,1)=0,1E+99,SUMIF(Distance_Matrix!$E$9:$DQ$9,1,Distance_Matrix!$E$16:$DQ$16)/COUNTIF(Distance_Matrix!$E$9:$DQ$9,1))),IF(2=$E25,1E+99,IF(COUNTIF(Distance_Matrix!$E$9:$DQ$9,2)=0,1E+99,SUMIF(Distance_Matrix!$E$9:$DQ$9,2,Distance_Matrix!$E$16:$DQ$16)/COUNTIF(Distance_Matrix!$E$9:$DQ$9,2))),IF(3=$E25,1E+99,IF(COUNTIF(Distance_Matrix!$E$9:$DQ$9,3)=0,1E+99,SUMIF(Distance_Matrix!$E$9:$DQ$9,3,Distance_Matrix!$E$16:$DQ$16)/COUNTIF(Distance_Matrix!$E$9:$DQ$9,3)))) -> 3.1630977 | J25: =IF(COUNTIF(Distance_Matrix!$E$9:$DQ$9,$E25)<=1,0,(I25-H25)/MAX(H25,I25)) -> 0.51192755 | X25: =SQRT(($B25-X$16)^2+($C25-X$17)^2+($D25-X$18)^2) -> 2.1556298 | Y25: =SQRT(($B25-Y$16)^2+($C25-Y$17)^2+($D25-Y$18)^2) -> 6.3976329 | Z25: =SQRT(($B25-Z$16)^2+($C25-Z$17)^2+($D25-Z$18)^2) -> 2.4987868 | AA25: =MATCH(MIN(X25:Z25),X25:Z25,0) -> 1 | AC25: =SQRT(($B25-AC$16)^2+($C25-AC$17)^2+($D25-AC$18)^2) -> 1.3021221 | AD25: =SQRT(($B25-AD$16)^2+($C25-AD$17)^2+($D25-AD$18)^2) -> 5.3527259 | AE25: =SQRT(($B25-AE$16)^2+($C25-AE$17)^2+($D25-AE$18)^2) -> 3.2254636 | AF25: =MATCH(MIN(AC25:AE25),AC25:AE25,0) -> 1 | AH25: =SQRT(($B25-AH$16)^2+($C25-AH$17)^2+($D25-AH$18)^2) -> 0.79641797 | AI25: =SQRT(($B25-AI$16)^2+($C25-AI$17)^2+($D25-AI$18)^2) -> 5.2319728 | AJ25: =SQRT(($B25-AJ$16)^2+($C25-AJ$17)^2+($D25-AJ$18)^2) -> 3.1276395 | AK25: =MATCH(MIN(AH25:AJ25),AH25:AJ25,0) -> 1 | AM25: =SQRT(($B25-AM$16)^2+($C25-AM$17)^2+($D25-AM$18)^2) -> 0.79641797 | AN25: =SQRT(($B25-AN$16)^2+($C25-AN$17)^2+($D25-AN$18)^2) -> 5.2170346 | AO25: =SQRT(($B25-AO$16)^2+($C25-AO$17)^2+($D25-AO$18)^2) -> 3.1030919 | AP25: =MATCH(MIN(AM25:AO25),AM25:AO25,0) -> 1 | AR25: =SQRT(($B25-AR$16)^2+($C25-AR$17)^2+($D25-AR$18)^2) -> 0.79641797 | AS25: =SQRT(($B25-AS$16)^2+($C25-AS$17)^2+($D25-AS$18)^2) -> 5.2170346 | AT25: =SQRT(($B25-AT$16)^2+($C25-AT$17)^2+($D25-AT$18)^2) -> 3.1030919 | AU25: =MATCH(MIN(AR25:AT25),AR25:AT25,0) -> 1 | AW25: =SQRT(($B25-AW$16)^2+($C25-AW$17)^2+($D25-AW$18)^2) -> 0.79641797 | AX25: =SQRT(($B25-AX$16)^2+($C25-AX$17)^2+($D25-AX$18)^2) -> 5.2170346 | AY25: =SQRT(($B25-AY$16)^2+($C25-AY$17)^2+($D25-AY$18)^2) -> 3.1030919 | AZ25: =MATCH(MIN(AW25:AY25),AW25:AY25,0) -> 1 | BB25: =SQRT(($B25-BB$16)^2+($C25-BB$17)^2+($D25-BB$18)^2) -> 0.79641797 | BC25: =SQRT(($B25-BC$16)^2+($C25-BC$17)^2+($D25-BC$18)^2) -> 5.2170346 | BD25: =SQRT(($B25-BD$16)^2+($C25-BD$17)^2+($D25-BD$18)^2) -> 3.1030919 | BE25: =MATCH(MIN(BB25:BD25),BB25:BD25,0) -> 1 | BG25: =SQRT(($B25-BG$16)^2+($C25-BG$17)^2+($D25-BG$18)^2) -> 0.79641797 | BH25: =SQRT(($B25-BH$16)^2+($C25-BH$17)^2+($D25-BH$18)^2) -> 5.2170346 | BI25: =SQRT(($B25-BI$16)^2+($C25-BI$17)^2+($D25-BI$18)^2) -> 3.1030919 | BJ25: =MATCH(MIN(BG25:BI25),BG25:BI25,0) -> 1 | BL25: =SQRT(($B25-BL$16)^2+($C25-BL$17)^2+($D25-BL$18)^2) -> 0.79641797 | BM25: =SQRT(($B25-BM$16)^2+($C25-BM$17)^2+($D25-BM$18)^2) -> 5.2170346 | BN25: =SQRT(($B25-BN$16)^2+($C25-BN$17)^2+($D25-BN$18)^2) -> 3.1030919 | BO25: =MATCH(MIN(BL25:BN25),BL25:BN25,0) -> 1 | BQ25: =SQRT(($B25-BQ$16)^2+($C25-BQ$17)^2+($D25-BQ$18)^2) -> 0.79641797 | BR25: =SQRT(($B25-BR$16)^2+($C25-BR$17)^2+($D25-BR$18)^2) -> 5.2170346 | BS25: =SQRT(($B25-BS$16)^2+($C25-BS$17)^2+($D25-BS$18)^2) -> 3.1030919 | BT25: =MATCH(MIN(BQ25:BS25),BQ25:BS25,0) -> 1 | BV25: =SQRT(($B25-BV$16)^2+($C25-BV$17)^2+($D25-BV$18)^2) -> 0.79641797 | BW25: =SQRT(($B25-BW$16)^2+($C25-BW$17)^2+($D25-BW$18)^2) -> 5.2170346 | BX25: =SQRT(($B25-BX$16)^2+($C25-BX$17)^2+($D25-BX$18)^2) -> 3.1030919 | BY25: =MATCH(MIN(BV25:BX25),BV25:BX25,0) -> 1 | CA25: =SQRT(($B25-CA$16)^2+($C25-CA$17)^2+($D25-CA$18)^2) -> 0.79641797 | CB25: =SQRT(($B25-CB$16)^2+($C25-CB$17)^2+($D25-CB$18)^2) -> 5.2170346 | CC25: =SQRT(($B25-CC$16)^2+($C25-CC$17)^2+($D25-CC$18)^2) -> 3.1030919 | CD25: =MATCH(MIN(CA25:CC25),CA25:CC25,0) -> 1
A26: =KMeans_Data!A8 -> Peshawar | B26: =KMeans_Data!H8 -> 2.3452338 | C26: =KMeans_Data!I8 -> 3.5617489 | D26: =KMeans_Data!J8 -> 1.6399224 | E26: =CD26 -> 1 | F26: =($B26-INDEX($L$16:$N$16,E26))^2+($C26-INDEX($L$17:$N$17,E26))^2+($D26-INDEX($L$18:$N$18,E26))^2 -> 0.56541345 | G26: =INDEX($M$5:$M$7,E26) -> High burden | H26: =IF(COUNTIF(Distance_Matrix!$E$9:$DQ$9,$E26)<=1,0,SUMIF(Distance_Matrix!$E$9:$DQ$9,$E26,Distance_Matrix!$E$17:$DQ$17)/(COUNTIF(Distance_Matrix!$E$9:$DQ$9,$E26)-1)) -> 1.5973437 | I26: =MIN(IF(1=$E26,1E+99,IF(COUNTIF(Distance_Matrix!$E$9:$DQ$9,1)=0,1E+99,SUMIF(Distance_Matrix!$E$9:$DQ$9,1,Distance_Matrix!$E$17:$DQ$17)/COUNTIF(Distance_Matrix!$E$9:$DQ$9,1))),IF(2=$E26,1E+99,IF(COUNTIF(Distance_Matrix!$E$9:$DQ$9,2)=0,1E+99,SUMIF(Distance_Matrix!$E$9:$DQ$9,2,Distance_Matrix!$E$17:$DQ$17)/COUNTIF(Distance_Matrix!$E$9:$DQ$9,2))),IF(3=$E26,1E+99,IF(COUNTIF(Distance_Matrix!$E$9:$DQ$9,3)=0,1E+99,SUMIF(Distance_Matrix!$E$9:$DQ$9,3,Distance_Matrix!$E$17:$DQ$17)/COUNTIF(Distance_Matrix!$E$9:$DQ$9,3)))) -> 3.7845391 | J26: =IF(COUNTIF(Distance_Matrix!$E$9:$DQ$9,$E26)<=1,0,(I26-H26)/MAX(H26,I26)) -> 0.57792914 | X26: =SQRT(($B26-X$16)^2+($C26-X$17)^2+($D26-X$18)^2) -> 1.9214319 | Y26: =SQRT(($B26-Y$16)^2+($C26-Y$17)^2+($D26-Y$18)^2) -> 6.7282907 | Z26: =SQRT(($B26-Z$16)^2+($C26-Z$17)^2+($D26-Z$18)^2) -> 3.4454653 | AA26: =MATCH(MIN(X26:Z26),X26:Z26,0) -> 1 | AC26: =SQRT(($B26-AC$16)^2+($C26-AC$17)^2+($D26-AC$18)^2) -> 0.96619774 | AD26: =SQRT(($B26-AD$16)^2+($C26-AD$17)^2+($D26-AD$18)^2) -> 5.7824061 | AE26: =SQRT(($B26-AE$16)^2+($C26-AE$17)^2+($D26-AE$18)^2) -> 3.8455759 | AF26: =MATCH(MIN(AC26:AE26),AC26:AE26,0) -> 1 | AH26: =SQRT(($B26-AH$16)^2+($C26-AH$17)^2+($D26-AH$18)^2) -> 0.75193979 | AI26: =SQRT(($B26-AI$16)^2+($C26-AI$17)^2+($D26-AI$18)^2) -> 5.6773908 | AJ26: =SQRT(($B26-AJ$16)^2+($C26-AJ$17)^2+($D26-AJ$18)^2) -> 3.7593107 | AK26: =MATCH(MIN(AH26:AJ26),AH26:AJ26,0) -> 1 | AM26: =SQRT(($B26-AM$16)^2+($C26-AM$17)^2+($D26-AM$18)^2) -> 0.75193979 | AN26: =SQRT(($B26-AN$16)^2+($C26-AN$17)^2+($D26-AN$18)^2) -> 5.6637606 | AO26: =SQRT(($B26-AO$16)^2+($C26-AO$17)^2+($D26-AO$18)^2) -> 3.7372297 | AP26: =MATCH(MIN(AM26:AO26),AM26:AO26,0) -> 1 | AR26: =SQRT(($B26-AR$16)^2+($C26-AR$17)^2+($D26-AR$18)^2) -> 0.75193979 | AS26: =SQRT(($B26-AS$16)^2+($C26-AS$17)^2+($D26-AS$18)^2) -> 5.6637606 | AT26: =SQRT(($B26-AT$16)^2+($C26-AT$17)^2+($D26-AT$18)^2) -> 3.7372297 | AU26: =MATCH(MIN(AR26:AT26),AR26:AT26,0) -> 1 | AW26: =SQRT(($B26-AW$16)^2+($C26-AW$17)^2+($D26-AW$18)^2) -> 0.75193979 | AX26: =SQRT(($B26-AX$16)^2+($C26-AX$17)^2+($D26-AX$18)^2) -> 5.6637606 | AY26: =SQRT(($B26-AY$16)^2+($C26-AY$17)^2+($D26-AY$18)^2) -> 3.7372297 | AZ26: =MATCH(MIN(AW26:AY26),AW26:AY26,0) -> 1 | BB26: =SQRT(($B26-BB$16)^2+($C26-BB$17)^2+($D26-BB$18)^2) -> 0.75193979 | BC26: =SQRT(($B26-BC$16)^2+($C26-BC$17)^2+($D26-BC$18)^2) -> 5.6637606 | BD26: =SQRT(($B26-BD$16)^2+($C26-BD$17)^2+($D26-BD$18)^2) -> 3.7372297 | BE26: =MATCH(MIN(BB26:BD26),BB26:BD26,0) -> 1 | BG26: =SQRT(($B26-BG$16)^2+($C26-BG$17)^2+($D26-BG$18)^2) -> 0.75193979 | BH26: =SQRT(($B26-BH$16)^2+($C26-BH$17)^2+($D26-BH$18)^2) -> 5.6637606 | BI26: =SQRT(($B26-BI$16)^2+($C26-BI$17)^2+($D26-BI$18)^2) -> 3.7372297 | BJ26: =MATCH(MIN(BG26:BI26),BG26:BI26,0) -> 1 | BL26: =SQRT(($B26-BL$16)^2+($C26-BL$17)^2+($D26-BL$18)^2) -> 0.75193979 | BM26: =SQRT(($B26-BM$16)^2+($C26-BM$17)^2+($D26-BM$18)^2) -> 5.6637606 | BN26: =SQRT(($B26-BN$16)^2+($C26-BN$17)^2+($D26-BN$18)^2) -> 3.7372297 | BO26: =MATCH(MIN(BL26:BN26),BL26:BN26,0) -> 1 | BQ26: =SQRT(($B26-BQ$16)^2+($C26-BQ$17)^2+($D26-BQ$18)^2) -> 0.75193979 | BR26: =SQRT(($B26-BR$16)^2+($C26-BR$17)^2+($D26-BR$18)^2) -> 5.6637606 | BS26: =SQRT(($B26-BS$16)^2+($C26-BS$17)^2+($D26-BS$18)^2) -> 3.7372297 | BT26: =MATCH(MIN(BQ26:BS26),BQ26:BS26,0) -> 1 | BV26: =SQRT(($B26-BV$16)^2+($C26-BV$17)^2+($D26-BV$18)^2) -> 0.75193979 | BW26: =SQRT(($B26-BW$16)^2+($C26-BW$17)^2+($D26-BW$18)^2) -> 5.6637606 | BX26: =SQRT(($B26-BX$16)^2+($C26-BX$17)^2+($D26-BX$18)^2) -> 3.7372297 | BY26: =MATCH(MIN(BV26:BX26),BV26:BX26,0) -> 1 | CA26: =SQRT(($B26-CA$16)^2+($C26-CA$17)^2+($D26-CA$18)^2) -> 0.75193979 | CB26: =SQRT(($B26-CB$16)^2+($C26-CB$17)^2+($D26-CB$18)^2) -> 5.6637606 | CC26: =SQRT(($B26-CC$16)^2+($C26-CC$17)^2+($D26-CC$18)^2) -> 3.7372297 | CD26: =MATCH(MIN(CA26:CC26),CA26:CC26,0) -> 1
A27: =KMeans_Data!A9 -> Islamabad | B27: =KMeans_Data!H9 -> 2.1711239 | C27: =KMeans_Data!I9 -> 2.0657893 | D27: =KMeans_Data!J9 -> 1.6965168 | E27: =CD27 -> 1 | F27: =($B27-INDEX($L$16:$N$16,E27))^2+($C27-INDEX($L$17:$N$17,E27))^2+($D27-INDEX($L$18:$N$18,E27))^2 -> 1.3165915 | G27: =INDEX($M$5:$M$7,E27) -> High burden | H27: =IF(COUNTIF(Distance_Matrix!$E$9:$DQ$9,$E27)<=1,0,SUMIF(Distance_Matrix!$E$9:$DQ$9,$E27,Distance_Matrix!$E$18:$DQ$18)/(COUNTIF(Distance_Matrix!$E$9:$DQ$9,$E27)-1)) -> 1.6565732 | I27: =MIN(IF(1=$E27,1E+99,IF(COUNTIF(Distance_Matrix!$E$9:$DQ$9,1)=0,1E+99,SUMIF(Distance_Matrix!$E$9:$DQ$9,1,Distance_Matrix!$E$18:$DQ$18)/COUNTIF(Distance_Matrix!$E$9:$DQ$9,1))),IF(2=$E27,1E+99,IF(COUNTIF(Distance_Matrix!$E$9:$DQ$9,2)=0,1E+99,SUMIF(Distance_Matrix!$E$9:$DQ$9,2,Distance_Matrix!$E$18:$DQ$18)/COUNTIF(Distance_Matrix!$E$9:$DQ$9,2))),IF(3=$E27,1E+99,IF(COUNTIF(Distance_Matrix!$E$9:$DQ$9,3)=0,1E+99,SUMIF(Distance_Matrix!$E$9:$DQ$9,3,Distance_Matrix!$E$18:$DQ$18)/COUNTIF(Distance_Matrix!$E$9:$DQ$9,3)))) -> 2.5966807 | J27: =IF(COUNTIF(Distance_Matrix!$E$9:$DQ$9,$E27)<=1,0,(I27-H27)/MAX(H27,I27)) -> 0.362042 | X27: =SQRT(($B27-X$16)^2+($C27-X$17)^2+($D27-X$18)^2) -> 2.7444014 | Y27: =SQRT(($B27-Y$16)^2+($C27-Y$17)^2+($D27-Y$18)^2) -> 5.8005825 | Z27: =SQRT(($B27-Z$16)^2+($C27-Z$17)^2+($D27-Z$18)^2) -> 2.0452196 | AA27: =MATCH(MIN(X27:Z27),X27:Z27,0) -> 3 | AC27: =SQRT(($B27-AC$16)^2+($C27-AC$17)^2+($D27-AC$18)^2) -> 1.7675731 | AD27: =SQRT(($B27-AD$16)^2+($C27-AD$17)^2+($D27-AD$18)^2) -> 4.7246541 | AE27: =SQRT(($B27-AE$16)^2+($C27-AE$17)^2+($D27-AE$18)^2) -> 2.6329781 | AF27: =MATCH(MIN(AC27:AE27),AC27:AE27,0) -> 1 | AH27: =SQRT(($B27-AH$16)^2+($C27-AH$17)^2+($D27-AH$18)^2) -> 1.1474282 | AI27: =SQRT(($B27-AI$16)^2+($C27-AI$17)^2+($D27-AI$18)^2) -> 4.6036064 | AJ27: =SQRT(($B27-AJ$16)^2+($C27-AJ$17)^2+($D27-AJ$18)^2) -> 2.5457147 | AK27: =MATCH(MIN(AH27:AJ27),AH27:AJ27,0) -> 1 | AM27: =SQRT(($B27-AM$16)^2+($C27-AM$17)^2+($D27-AM$18)^2) -> 1.1474282 | AN27: =SQRT(($B27-AN$16)^2+($C27-AN$17)^2+($D27-AN$18)^2) -> 4.5892552 | AO27: =SQRT(($B27-AO$16)^2+($C27-AO$17)^2+($D27-AO$18)^2) -> 2.5211068 | AP27: =MATCH(MIN(AM27:AO27),AM27:AO27,0) -> 1 | AR27: =SQRT(($B27-AR$16)^2+($C27-AR$17)^2+($D27-AR$18)^2) -> 1.1474282 | AS27: =SQRT(($B27-AS$16)^2+($C27-AS$17)^2+($D27-AS$18)^2) -> 4.5892552 | AT27: =SQRT(($B27-AT$16)^2+($C27-AT$17)^2+($D27-AT$18)^2) -> 2.5211068 | AU27: =MATCH(MIN(AR27:AT27),AR27:AT27,0) -> 1 | AW27: =SQRT(($B27-AW$16)^2+($C27-AW$17)^2+($D27-AW$18)^2) -> 1.1474282 | AX27: =SQRT(($B27-AX$16)^2+($C27-AX$17)^2+($D27-AX$18)^2) -> 4.5892552 | AY27: =SQRT(($B27-AY$16)^2+($C27-AY$17)^2+($D27-AY$18)^2) -> 2.5211068 | AZ27: =MATCH(MIN(AW27:AY27),AW27:AY27,0) -> 1 | BB27: =SQRT(($B27-BB$16)^2+($C27-BB$17)^2+($D27-BB$18)^2) -> 1.1474282 | BC27: =SQRT(($B27-BC$16)^2+($C27-BC$17)^2+($D27-BC$18)^2) -> 4.5892552 | BD27: =SQRT(($B27-BD$16)^2+($C27-BD$17)^2+($D27-BD$18)^2) -> 2.5211068 | BE27: =MATCH(MIN(BB27:BD27),BB27:BD27,0) -> 1 | BG27: =SQRT(($B27-BG$16)^2+($C27-BG$17)^2+($D27-BG$18)^2) -> 1.1474282 | BH27: =SQRT(($B27-BH$16)^2+($C27-BH$17)^2+($D27-BH$18)^2) -> 4.5892552 | BI27: =SQRT(($B27-BI$16)^2+($C27-BI$17)^2+($D27-BI$18)^2) -> 2.5211068 | BJ27: =MATCH(MIN(BG27:BI27),BG27:BI27,0) -> 1 | BL27: =SQRT(($B27-BL$16)^2+($C27-BL$17)^2+($D27-BL$18)^2) -> 1.1474282 | BM27: =SQRT(($B27-BM$16)^2+($C27-BM$17)^2+($D27-BM$18)^2) -> 4.5892552 | BN27: =SQRT(($B27-BN$16)^2+($C27-BN$17)^2+($D27-BN$18)^2) -> 2.5211068 | BO27: =MATCH(MIN(BL27:BN27),BL27:BN27,0) -> 1 | BQ27: =SQRT(($B27-BQ$16)^2+($C27-BQ$17)^2+($D27-BQ$18)^2) -> 1.1474282 | BR27: =SQRT(($B27-BR$16)^2+($C27-BR$17)^2+($D27-BR$18)^2) -> 4.5892552 | BS27: =SQRT(($B27-BS$16)^2+($C27-BS$17)^2+($D27-BS$18)^2) -> 2.5211068 | BT27: =MATCH(MIN(BQ27:BS27),BQ27:BS27,0) -> 1 | BV27: =SQRT(($B27-BV$16)^2+($C27-BV$17)^2+($D27-BV$18)^2) -> 1.1474282 | BW27: =SQRT(($B27-BW$16)^2+($C27-BW$17)^2+($D27-BW$18)^2) -> 4.5892552 | BX27: =SQRT(($B27-BX$16)^2+($C27-BX$17)^2+($D27-BX$18)^2) -> 2.5211068 | BY27: =MATCH(MIN(BV27:BX27),BV27:BX27,0) -> 1 | CA27: =SQRT(($B27-CA$16)^2+($C27-CA$17)^2+($D27-CA$18)^2) -> 1.1474282 | CB27: =SQRT(($B27-CB$16)^2+($C27-CB$17)^2+($D27-CB$18)^2) -> 4.5892552 | CC27: =SQRT(($B27-CC$16)^2+($C27-CC$17)^2+($D27-CC$18)^2) -> 2.5211068 | CD27: =MATCH(MIN(CA27:CC27),CA27:CC27,0) -> 1
A28: =KMeans_Data!A10 -> Swat | B28: =KMeans_Data!H10 -> 1.4937525 | C28: =KMeans_Data!I10 -> 2.230906 | D28: =KMeans_Data!J10 -> 1.4434361 | E28: =CD28 -> 1 | F28: =($B28-INDEX($L$16:$N$16,E28))^2+($C28-INDEX($L$17:$N$17,E28))^2+($D28-INDEX($L$18:$N$18,E28))^2 -> 2.2070022 | G28: =INDEX($M$5:$M$7,E28) -> High burden | H28: =IF(COUNTIF(Distance_Matrix!$E$9:$DQ$9,$E28)<=1,0,SUMIF(Distance_Matrix!$E$9:$DQ$9,$E28,Distance_Matrix!$E$19:$DQ$19)/(COUNTIF(Distance_Matrix!$E$9:$DQ$9,$E28)-1)) -> 1.9220689 | I28: =MIN(IF(1=$E28,1E+99,IF(COUNTIF(Distance_Matrix!$E$9:$DQ$9,1)=0,1E+99,SUMIF(Distance_Matrix!$E$9:$DQ$9,1,Distance_Matrix!$E$19:$DQ$19)/COUNTIF(Distance_Matrix!$E$9:$DQ$9,1))),IF(2=$E28,1E+99,IF(COUNTIF(Distance_Matrix!$E$9:$DQ$9,2)=0,1E+99,SUMIF(Distance_Matrix!$E$9:$DQ$9,2,Distance_Matrix!$E$19:$DQ$19)/COUNTIF(Distance_Matrix!$E$9:$DQ$9,2))),IF(3=$E28,1E+99,IF(COUNTIF(Distance_Matrix!$E$9:$DQ$9,3)=0,1E+99,SUMIF(Distance_Matrix!$E$9:$DQ$9,3,Distance_Matrix!$E$19:$DQ$19)/COUNTIF(Distance_Matrix!$E$9:$DQ$9,3)))) -> 2.2504179 | J28: =IF(COUNTIF(Distance_Matrix!$E$9:$DQ$9,$E28)<=1,0,(I28-H28)/MAX(H28,I28)) -> 0.14590576 | X28: =SQRT(($B28-X$16)^2+($C28-X$17)^2+($D28-X$18)^2) -> 3.1164934 | Y28: =SQRT(($B28-Y$16)^2+($C28-Y$17)^2+($D28-Y$18)^2) -> 5.2824058 | Z28: =SQRT(($B28-Z$16)^2+($C28-Z$17)^2+($D28-Z$18)^2) -> 1.9078175 | AA28: =MATCH(MIN(X28:Z28),X28:Z28,0) -> 3 | AC28: =SQRT(($B28-AC$16)^2+($C28-AC$17)^2+($D28-AC$18)^2) -> 2.1118548 | AD28: =SQRT(($B28-AD$16)^2+($C28-AD$17)^2+($D28-AD$18)^2) -> 4.3027099 | AE28: =SQRT(($B28-AE$16)^2+($C28-AE$17)^2+($D28-AE$18)^2) -> 2.2883208 | AF28: =MATCH(MIN(AC28:AE28),AC28:AE28,0) -> 1 | AH28: =SQRT(($B28-AH$16)^2+($C28-AH$17)^2+($D28-AH$18)^2) -> 1.4855983 | AI28: =SQRT(($B28-AI$16)^2+($C28-AI$17)^2+($D28-AI$18)^2) -> 4.1931003 | AJ28: =SQRT(($B28-AJ$16)^2+($C28-AJ$17)^2+($D28-AJ$18)^2) -> 2.1931195 | AK28: =MATCH(MIN(AH28:AJ28),AH28:AJ28,0) -> 1 | AM28: =SQRT(($B28-AM$16)^2+($C28-AM$17)^2+($D28-AM$18)^2) -> 1.4855983 | AN28: =SQRT(($B28-AN$16)^2+($C28-AN$17)^2+($D28-AN$18)^2) -> 4.1785064 | AO28: =SQRT(($B28-AO$16)^2+($C28-AO$17)^2+($D28-AO$18)^2) -> 2.1708773 | AP28: =MATCH(MIN(AM28:AO28),AM28:AO28,0) -> 1 | AR28: =SQRT(($B28-AR$16)^2+($C28-AR$17)^2+($D28-AR$18)^2) -> 1.4855983 | AS28: =SQRT(($B28-AS$16)^2+($C28-AS$17)^2+($D28-AS$18)^2) -> 4.1785064 | AT28: =SQRT(($B28-AT$16)^2+($C28-AT$17)^2+($D28-AT$18)^2) -> 2.1708773 | AU28: =MATCH(MIN(AR28:AT28),AR28:AT28,0) -> 1 | AW28: =SQRT(($B28-AW$16)^2+($C28-AW$17)^2+($D28-AW$18)^2) -> 1.4855983 | AX28: =SQRT(($B28-AX$16)^2+($C28-AX$17)^2+($D28-AX$18)^2) -> 4.1785064 | AY28: =SQRT(($B28-AY$16)^2+($C28-AY$17)^2+($D28-AY$18)^2) -> 2.1708773 | AZ28: =MATCH(MIN(AW28:AY28),AW28:AY28,0) -> 1 | BB28: =SQRT(($B28-BB$16)^2+($C28-BB$17)^2+($D28-BB$18)^2) -> 1.4855983 | BC28: =SQRT(($B28-BC$16)^2+($C28-BC$17)^2+($D28-BC$18)^2) -> 4.1785064 | BD28: =SQRT(($B28-BD$16)^2+($C28-BD$17)^2+($D28-BD$18)^2) -> 2.1708773 | BE28: =MATCH(MIN(BB28:BD28),BB28:BD28,0) -> 1 | BG28: =SQRT(($B28-BG$16)^2+($C28-BG$17)^2+($D28-BG$18)^2) -> 1.4855983 | BH28: =SQRT(($B28-BH$16)^2+($C28-BH$17)^2+($D28-BH$18)^2) -> 4.1785064 | BI28: =SQRT(($B28-BI$16)^2+($C28-BI$17)^2+($D28-BI$18)^2) -> 2.1708773 | BJ28: =MATCH(MIN(BG28:BI28),BG28:BI28,0) -> 1 | BL28: =SQRT(($B28-BL$16)^2+($C28-BL$17)^2+($D28-BL$18)^2) -> 1.4855983 | BM28: =SQRT(($B28-BM$16)^2+($C28-BM$17)^2+($D28-BM$18)^2) -> 4.1785064 | BN28: =SQRT(($B28-BN$16)^2+($C28-BN$17)^2+($D28-BN$18)^2) -> 2.1708773 | BO28: =MATCH(MIN(BL28:BN28),BL28:BN28,0) -> 1 | BQ28: =SQRT(($B28-BQ$16)^2+($C28-BQ$17)^2+($D28-BQ$18)^2) -> 1.4855983 | BR28: =SQRT(($B28-BR$16)^2+($C28-BR$17)^2+($D28-BR$18)^2) -> 4.1785064 | BS28: =SQRT(($B28-BS$16)^2+($C28-BS$17)^2+($D28-BS$18)^2) -> 2.1708773 | BT28: =MATCH(MIN(BQ28:BS28),BQ28:BS28,0) -> 1 | BV28: =SQRT(($B28-BV$16)^2+($C28-BV$17)^2+($D28-BV$18)^2) -> 1.4855983 | BW28: =SQRT(($B28-BW$16)^2+($C28-BW$17)^2+($D28-BW$18)^2) -> 4.1785064 | BX28: =SQRT(($B28-BX$16)^2+($C28-BX$17)^2+($D28-BX$18)^2) -> 2.1708773 | BY28: =MATCH(MIN(BV28:BX28),BV28:BX28,0) -> 1 | CA28: =SQRT(($B28-CA$16)^2+($C28-CA$17)^2+($D28-CA$18)^2) -> 1.4855983 | CB28: =SQRT(($B28-CB$16)^2+($C28-CB$17)^2+($D28-CB$18)^2) -> 4.1785064 | CC28: =SQRT(($B28-CC$16)^2+($C28-CC$17)^2+($D28-CC$18)^2) -> 2.1708773 | CD28: =MATCH(MIN(CA28:CC28),CA28:CC28,0) -> 1
A29: =KMeans_Data!A11 -> Multan | B29: =KMeans_Data!H11 -> 1.3394801 | C29: =KMeans_Data!I11 -> 0.16051259 | D29: =KMeans_Data!J11 -> -0.82444602 | E29: =CD29 -> 3 | F29: =($B29-INDEX($L$16:$N$16,E29))^2+($C29-INDEX($L$17:$N$17,E29))^2+($D29-INDEX($L$18:$N$18,E29))^2 -> 3.0625107 | G29: =INDEX($M$5:$M$7,E29) -> Medium burden | H29: =IF(COUNTIF(Distance_Matrix!$E$9:$DQ$9,$E29)<=1,0,SUMIF(Distance_Matrix!$E$9:$DQ$9,$E29,Distance_Matrix!$E$20:$DQ$20)/(COUNTIF(Distance_Matrix!$E$9:$DQ$9,$E29)-1)) -> 1.9713691 | I29: =MIN(IF(1=$E29,1E+99,IF(COUNTIF(Distance_Matrix!$E$9:$DQ$9,1)=0,1E+99,SUMIF(Distance_Matrix!$E$9:$DQ$9,1,Distance_Matrix!$E$20:$DQ$20)/COUNTIF(Distance_Matrix!$E$9:$DQ$9,1))),IF(2=$E29,1E+99,IF(COUNTIF(Distance_Matrix!$E$9:$DQ$9,2)=0,1E+99,SUMIF(Distance_Matrix!$E$9:$DQ$9,2,Distance_Matrix!$E$20:$DQ$20)/COUNTIF(Distance_Matrix!$E$9:$DQ$9,2))),IF(3=$E29,1E+99,IF(COUNTIF(Distance_Matrix!$E$9:$DQ$9,3)=0,1E+99,SUMIF(Distance_Matrix!$E$9:$DQ$9,3,Distance_Matrix!$E$20:$DQ$20)/COUNTIF(Distance_Matrix!$E$9:$DQ$9,3)))) -> 2.2016035 | J29: =IF(COUNTIF(Distance_Matrix!$E$9:$DQ$9,$E29)<=1,0,(I29-H29)/MAX(H29,I29)) -> 0.10457577 | X29: =SQRT(($B29-X$16)^2+($C29-X$17)^2+($D29-X$18)^2) -> 5.9504875 | Y29: =SQRT(($B29-Y$16)^2+($C29-Y$17)^2+($D29-Y$18)^2) -> 3.5338904 | Z29: =SQRT(($B29-Z$16)^2+($C29-Z$17)^2+($D29-Z$18)^2) -> 2.3249148 | AA29: =MATCH(MIN(X29:Z29),X29:Z29,0) -> 3 | AC29: =SQRT(($B29-AC$16)^2+($C29-AC$17)^2+($D29-AC$18)^2) -> 4.9354027 | AD29: =SQRT(($B29-AD$16)^2+($C29-AD$17)^2+($D29-AD$18)^2) -> 2.2522437 | AE29: =SQRT(($B29-AE$16)^2+($C29-AE$17)^2+($D29-AE$18)^2) -> 1.6492537 | AF29: =MATCH(MIN(AC29:AE29),AC29:AE29,0) -> 3 | AH29: =SQRT(($B29-AH$16)^2+($C29-AH$17)^2+($D29-AH$18)^2) -> 4.328501 | AI29: =SQRT(($B29-AI$16)^2+($C29-AI$17)^2+($D29-AI$18)^2) -> 2.1340122 | AJ29: =SQRT(($B29-AJ$16)^2+($C29-AJ$17)^2+($D29-AJ$18)^2) -> 1.7471557 | AK29: =MATCH(MIN(AH29:AJ29),AH29:AJ29,0) -> 3 | AM29: =SQRT(($B29-AM$16)^2+($C29-AM$17)^2+($D29-AM$18)^2) -> 4.328501 | AN29: =SQRT(($B29-AN$16)^2+($C29-AN$17)^2+($D29-AN$18)^2) -> 2.1281905 | AO29: =SQRT(($B29-AO$16)^2+($C29-AO$17)^2+($D29-AO$18)^2) -> 1.7500031 | AP29: =MATCH(MIN(AM29:AO29),AM29:AO29,0) -> 3 | AR29: =SQRT(($B29-AR$16)^2+($C29-AR$17)^2+($D29-AR$18)^2) -> 4.328501 | AS29: =SQRT(($B29-AS$16)^2+($C29-AS$17)^2+($D29-AS$18)^2) -> 2.1281905 | AT29: =SQRT(($B29-AT$16)^2+($C29-AT$17)^2+($D29-AT$18)^2) -> 1.7500031 | AU29: =MATCH(MIN(AR29:AT29),AR29:AT29,0) -> 3 | AW29: =SQRT(($B29-AW$16)^2+($C29-AW$17)^2+($D29-AW$18)^2) -> 4.328501 | AX29: =SQRT(($B29-AX$16)^2+($C29-AX$17)^2+($D29-AX$18)^2) -> 2.1281905 | AY29: =SQRT(($B29-AY$16)^2+($C29-AY$17)^2+($D29-AY$18)^2) -> 1.7500031 | AZ29: =MATCH(MIN(AW29:AY29),AW29:AY29,0) -> 3 | BB29: =SQRT(($B29-BB$16)^2+($C29-BB$17)^2+($D29-BB$18)^2) -> 4.328501 | BC29: =SQRT(($B29-BC$16)^2+($C29-BC$17)^2+($D29-BC$18)^2) -> 2.1281905 | BD29: =SQRT(($B29-BD$16)^2+($C29-BD$17)^2+($D29-BD$18)^2) -> 1.7500031 | BE29: =MATCH(MIN(BB29:BD29),BB29:BD29,0) -> 3 | BG29: =SQRT(($B29-BG$16)^2+($C29-BG$17)^2+($D29-BG$18)^2) -> 4.328501 | BH29: =SQRT(($B29-BH$16)^2+($C29-BH$17)^2+($D29-BH$18)^2) -> 2.1281905 | BI29: =SQRT(($B29-BI$16)^2+($C29-BI$17)^2+($D29-BI$18)^2) -> 1.7500031 | BJ29: =MATCH(MIN(BG29:BI29),BG29:BI29,0) -> 3 | BL29: =SQRT(($B29-BL$16)^2+($C29-BL$17)^2+($D29-BL$18)^2) -> 4.328501 | BM29: =SQRT(($B29-BM$16)^2+($C29-BM$17)^2+($D29-BM$18)^2) -> 2.1281905 | BN29: =SQRT(($B29-BN$16)^2+($C29-BN$17)^2+($D29-BN$18)^2) -> 1.7500031 | BO29: =MATCH(MIN(BL29:BN29),BL29:BN29,0) -> 3 | BQ29: =SQRT(($B29-BQ$16)^2+($C29-BQ$17)^2+($D29-BQ$18)^2) -> 4.328501 | BR29: =SQRT(($B29-BR$16)^2+($C29-BR$17)^2+($D29-BR$18)^2) -> 2.1281905 | BS29: =SQRT(($B29-BS$16)^2+($C29-BS$17)^2+($D29-BS$18)^2) -> 1.7500031 | BT29: =MATCH(MIN(BQ29:BS29),BQ29:BS29,0) -> 3 | BV29: =SQRT(($B29-BV$16)^2+($C29-BV$17)^2+($D29-BV$18)^2) -> 4.328501 | BW29: =SQRT(($B29-BW$16)^2+($C29-BW$17)^2+($D29-BW$18)^2) -> 2.1281905 | BX29: =SQRT(($B29-BX$16)^2+($C29-BX$17)^2+($D29-BX$18)^2) -> 1.7500031 | BY29: =MATCH(MIN(BV29:BX29),BV29:BX29,0) -> 3 | CA29: =SQRT(($B29-CA$16)^2+($C29-CA$17)^2+($D29-CA$18)^2) -> 4.328501 | CB29: =SQRT(($B29-CB$16)^2+($C29-CB$17)^2+($D29-CB$18)^2) -> 2.1281905 | CC29: =SQRT(($B29-CC$16)^2+($C29-CC$17)^2+($D29-CC$18)^2) -> 1.7500031 | CD29: =MATCH(MIN(CA29:CC29),CA29:CC29,0) -> 3
A30: =KMeans_Data!A12 -> Sukkur | B30: =KMeans_Data!H12 -> 1.3163443 | C30: =KMeans_Data!I12 -> 0.68618 | D30: =KMeans_Data!J12 -> 1.7238404 | E30: =CD30 -> 3 | F30: =($B30-INDEX($L$16:$N$16,E30))^2+($C30-INDEX($L$17:$N$17,E30))^2+($D30-INDEX($L$18:$N$18,E30))^2 -> 1.7335776 | G30: =INDEX($M$5:$M$7,E30) -> Medium burden | H30: =IF(COUNTIF(Distance_Matrix!$E$9:$DQ$9,$E30)<=1,0,SUMIF(Distance_Matrix!$E$9:$DQ$9,$E30,Distance_Matrix!$E$21:$DQ$21)/(COUNTIF(Distance_Matrix!$E$9:$DQ$9,$E30)-1)) -> 1.5370261 | I30: =MIN(IF(1=$E30,1E+99,IF(COUNTIF(Distance_Matrix!$E$9:$DQ$9,1)=0,1E+99,SUMIF(Distance_Matrix!$E$9:$DQ$9,1,Distance_Matrix!$E$21:$DQ$21)/COUNTIF(Distance_Matrix!$E$9:$DQ$9,1))),IF(2=$E30,1E+99,IF(COUNTIF(Distance_Matrix!$E$9:$DQ$9,2)=0,1E+99,SUMIF(Distance_Matrix!$E$9:$DQ$9,2,Distance_Matrix!$E$21:$DQ$21)/COUNTIF(Distance_Matrix!$E$9:$DQ$9,2))),IF(3=$E30,1E+99,IF(COUNTIF(Distance_Matrix!$E$9:$DQ$9,3)=0,1E+99,SUMIF(Distance_Matrix!$E$9:$DQ$9,3,Distance_Matrix!$E$21:$DQ$21)/COUNTIF(Distance_Matrix!$E$9:$DQ$9,3)))) -> 2.7572891 | J30: =IF(COUNTIF(Distance_Matrix!$E$9:$DQ$9,$E30)<=1,0,(I30-H30)/MAX(H30,I30)) -> 0.44255896 | X30: =SQRT(($B30-X$16)^2+($C30-X$17)^2+($D30-X$18)^2) -> 4.1727071 | Y30: =SQRT(($B30-Y$16)^2+($C30-Y$17)^2+($D30-Y$18)^2) -> 4.6490576 | Z30: =SQRT(($B30-Z$16)^2+($C30-Z$17)^2+($D30-Z$18)^2) -> 0.48644469 | AA30: =MATCH(MIN(X30:Z30),X30:Z30,0) -> 3 | AC30: =SQRT(($B30-AC$16)^2+($C30-AC$17)^2+($D30-AC$18)^2) -> 3.2861039 | AD30: =SQRT(($B30-AD$16)^2+($C30-AD$17)^2+($D30-AD$18)^2) -> 3.549809 | AE30: =SQRT(($B30-AE$16)^2+($C30-AE$17)^2+($D30-AE$18)^2) -> 1.4333732 | AF30: =MATCH(MIN(AC30:AE30),AC30:AE30,0) -> 3 | AH30: =SQRT(($B30-AH$16)^2+($C30-AH$17)^2+($D30-AH$18)^2) -> 2.6825689 | AI30: =SQRT(($B30-AI$16)^2+($C30-AI$17)^2+($D30-AI$18)^2) -> 3.4226775 | AJ30: =SQRT(($B30-AJ$16)^2+($C30-AJ$17)^2+($D30-AJ$18)^2) -> 1.3392694 | AK30: =MATCH(MIN(AH30:AJ30),AH30:AJ30,0) -> 3 | AM30: =SQRT(($B30-AM$16)^2+($C30-AM$17)^2+($D30-AM$18)^2) -> 2.6825689 | AN30: =SQRT(($B30-AN$16)^2+($C30-AN$17)^2+($D30-AN$18)^2) -> 3.4072884 | AO30: =SQRT(($B30-AO$16)^2+($C30-AO$17)^2+($D30-AO$18)^2) -> 1.3166539 | AP30: =MATCH(MIN(AM30:AO30),AM30:AO30,0) -> 3 | AR30: =SQRT(($B30-AR$16)^2+($C30-AR$17)^2+($D30-AR$18)^2) -> 2.6825689 | AS30: =SQRT(($B30-AS$16)^2+($C30-AS$17)^2+($D30-AS$18)^2) -> 3.4072884 | AT30: =SQRT(($B30-AT$16)^2+($C30-AT$17)^2+($D30-AT$18)^2) -> 1.3166539 | AU30: =MATCH(MIN(AR30:AT30),AR30:AT30,0) -> 3 | AW30: =SQRT(($B30-AW$16)^2+($C30-AW$17)^2+($D30-AW$18)^2) -> 2.6825689 | AX30: =SQRT(($B30-AX$16)^2+($C30-AX$17)^2+($D30-AX$18)^2) -> 3.4072884 | AY30: =SQRT(($B30-AY$16)^2+($C30-AY$17)^2+($D30-AY$18)^2) -> 1.3166539 | AZ30: =MATCH(MIN(AW30:AY30),AW30:AY30,0) -> 3 | BB30: =SQRT(($B30-BB$16)^2+($C30-BB$17)^2+($D30-BB$18)^2) -> 2.6825689 | BC30: =SQRT(($B30-BC$16)^2+($C30-BC$17)^2+($D30-BC$18)^2) -> 3.4072884 | BD30: =SQRT(($B30-BD$16)^2+($C30-BD$17)^2+($D30-BD$18)^2) -> 1.3166539 | BE30: =MATCH(MIN(BB30:BD30),BB30:BD30,0) -> 3 | BG30: =SQRT(($B30-BG$16)^2+($C30-BG$17)^2+($D30-BG$18)^2) -> 2.6825689 | BH30: =SQRT(($B30-BH$16)^2+($C30-BH$17)^2+($D30-BH$18)^2) -> 3.4072884 | BI30: =SQRT(($B30-BI$16)^2+($C30-BI$17)^2+($D30-BI$18)^2) -> 1.3166539 | BJ30: =MATCH(MIN(BG30:BI30),BG30:BI30,0) -> 3 | BL30: =SQRT(($B30-BL$16)^2+($C30-BL$17)^2+($D30-BL$18)^2) -> 2.6825689 | BM30: =SQRT(($B30-BM$16)^2+($C30-BM$17)^2+($D30-BM$18)^2) -> 3.4072884 | BN30: =SQRT(($B30-BN$16)^2+($C30-BN$17)^2+($D30-BN$18)^2) -> 1.3166539 | BO30: =MATCH(MIN(BL30:BN30),BL30:BN30,0) -> 3 | BQ30: =SQRT(($B30-BQ$16)^2+($C30-BQ$17)^2+($D30-BQ$18)^2) -> 2.6825689 | BR30: =SQRT(($B30-BR$16)^2+($C30-BR$17)^2+($D30-BR$18)^2) -> 3.4072884 | BS30: =SQRT(($B30-BS$16)^2+($C30-BS$17)^2+($D30-BS$18)^2) -> 1.3166539 | BT30: =MATCH(MIN(BQ30:BS30),BQ30:BS30,0) -> 3 | BV30: =SQRT(($B30-BV$16)^2+($C30-BV$17)^2+($D30-BV$18)^2) -> 2.6825689 | BW30: =SQRT(($B30-BW$16)^2+($C30-BW$17)^2+($D30-BW$18)^2) -> 3.4072884 | BX30: =SQRT(($B30-BX$16)^2+($C30-BX$17)^2+($D30-BX$18)^2) -> 1.3166539 | BY30: =MATCH(MIN(BV30:BX30),BV30:BX30,0) -> 3 | CA30: =SQRT(($B30-CA$16)^2+($C30-CA$17)^2+($D30-CA$18)^2) -> 2.6825689 | CB30: =SQRT(($B30-CB$16)^2+($C30-CB$17)^2+($D30-CB$18)^2) -> 3.4072884 | CC30: =SQRT(($B30-CC$16)^2+($C30-CC$17)^2+($D30-CC$18)^2) -> 1.3166539 | CD30: =MATCH(MIN(CA30:CC30),CA30:CC30,0) -> 3
A31: =KMeans_Data!A13 -> Hyderabad | B31: =KMeans_Data!H13 -> 1.2591276 | C31: =KMeans_Data!I13 -> 1.2118474 | D31: =KMeans_Data!J13 -> 1.6955105 | E31: =CD31 -> 3 | F31: =($B31-INDEX($L$16:$N$16,E31))^2+($C31-INDEX($L$17:$N$17,E31))^2+($D31-INDEX($L$18:$N$18,E31))^2 -> 2.1298241 | G31: =INDEX($M$5:$M$7,E31) -> Medium burden | H31: =IF(COUNTIF(Distance_Matrix!$E$9:$DQ$9,$E31)<=1,0,SUMIF(Distance_Matrix!$E$9:$DQ$9,$E31,Distance_Matrix!$E$22:$DQ$22)/(COUNTIF(Distance_Matrix!$E$9:$DQ$9,$E31)-1)) -> 1.6344109 | I31: =MIN(IF(1=$E31,1E+99,IF(COUNTIF(Distance_Matrix!$E$9:$DQ$9,1)=0,1E+99,SUMIF(Distance_Matrix!$E$9:$DQ$9,1,Distance_Matrix!$E$22:$DQ$22)/COUNTIF(Distance_Matrix!$E$9:$DQ$9,1))),IF(2=$E31,1E+99,IF(COUNTIF(Distance_Matrix!$E$9:$DQ$9,2)=0,1E+99,SUMIF(Distance_Matrix!$E$9:$DQ$9,2,Distance_Matrix!$E$22:$DQ$22)/COUNTIF(Distance_Matrix!$E$9:$DQ$9,2))),IF(3=$E31,1E+99,IF(COUNTIF(Distance_Matrix!$E$9:$DQ$9,3)=0,1E+99,SUMIF(Distance_Matrix!$E$9:$DQ$9,3,Distance_Matrix!$E$22:$DQ$22)/COUNTIF(Distance_Matrix!$E$9:$DQ$9,3)))) -> 2.3494674 | J31: =IF(COUNTIF(Distance_Matrix!$E$9:$DQ$9,$E31)<=1,0,(I31-H31)/MAX(H31,I31)) -> 0.30434834 | X31: =SQRT(($B31-X$16)^2+($C31-X$17)^2+($D31-X$18)^2) -> 3.8049689 | Y31: =SQRT(($B31-Y$16)^2+($C31-Y$17)^2+($D31-Y$18)^2) -> 4.7719509 | Z31: =SQRT(($B31-Z$16)^2+($C31-Z$17)^2+($D31-Z$18)^2) -> 0.89108058 | AA31: =MATCH(MIN(X31:Z31),X31:Z31,0) -> 3 | AC31: =SQRT(($B31-AC$16)^2+($C31-AC$17)^2+($D31-AC$18)^2) -> 2.884618 | AD31: =SQRT(($B31-AD$16)^2+($C31-AD$17)^2+($D31-AD$18)^2) -> 3.727845 | AE31: =SQRT(($B31-AE$16)^2+($C31-AE$17)^2+($D31-AE$18)^2) -> 1.5908719 | AF31: =MATCH(MIN(AC31:AE31),AC31:AE31,0) -> 3 | AH31: =SQRT(($B31-AH$16)^2+($C31-AH$17)^2+($D31-AH$18)^2) -> 2.2676807 | AI31: =SQRT(($B31-AI$16)^2+($C31-AI$17)^2+($D31-AI$18)^2) -> 3.6075766 | AJ31: =SQRT(($B31-AJ$16)^2+($C31-AJ$17)^2+($D31-AJ$18)^2) -> 1.483088 | AK31: =MATCH(MIN(AH31:AJ31),AH31:AJ31,0) -> 3 | AM31: =SQRT(($B31-AM$16)^2+($C31-AM$17)^2+($D31-AM$18)^2) -> 2.2676807 | AN31: =SQRT(($B31-AN$16)^2+($C31-AN$17)^2+($D31-AN$18)^2) -> 3.592029 | AO31: =SQRT(($B31-AO$16)^2+($C31-AO$17)^2+($D31-AO$18)^2) -> 1.4593917 | AP31: =MATCH(MIN(AM31:AO31),AM31:AO31,0) -> 3 | AR31: =SQRT(($B31-AR$16)^2+($C31-AR$17)^2+($D31-AR$18)^2) -> 2.2676807 | AS31: =SQRT(($B31-AS$16)^2+($C31-AS$17)^2+($D31-AS$18)^2) -> 3.592029 | AT31: =SQRT(($B31-AT$16)^2+($C31-AT$17)^2+($D31-AT$18)^2) -> 1.4593917 | AU31: =MATCH(MIN(AR31:AT31),AR31:AT31,0) -> 3 | AW31: =SQRT(($B31-AW$16)^2+($C31-AW$17)^2+($D31-AW$18)^2) -> 2.2676807 | AX31: =SQRT(($B31-AX$16)^2+($C31-AX$17)^2+($D31-AX$18)^2) -> 3.592029 | AY31: =SQRT(($B31-AY$16)^2+($C31-AY$17)^2+($D31-AY$18)^2) -> 1.4593917 | AZ31: =MATCH(MIN(AW31:AY31),AW31:AY31,0) -> 3 | BB31: =SQRT(($B31-BB$16)^2+($C31-BB$17)^2+($D31-BB$18)^2) -> 2.2676807 | BC31: =SQRT(($B31-BC$16)^2+($C31-BC$17)^2+($D31-BC$18)^2) -> 3.592029 | BD31: =SQRT(($B31-BD$16)^2+($C31-BD$17)^2+($D31-BD$18)^2) -> 1.4593917 | BE31: =MATCH(MIN(BB31:BD31),BB31:BD31,0) -> 3 | BG31: =SQRT(($B31-BG$16)^2+($C31-BG$17)^2+($D31-BG$18)^2) -> 2.2676807 | BH31: =SQRT(($B31-BH$16)^2+($C31-BH$17)^2+($D31-BH$18)^2) -> 3.592029 | BI31: =SQRT(($B31-BI$16)^2+($C31-BI$17)^2+($D31-BI$18)^2) -> 1.4593917 | BJ31: =MATCH(MIN(BG31:BI31),BG31:BI31,0) -> 3 | BL31: =SQRT(($B31-BL$16)^2+($C31-BL$17)^2+($D31-BL$18)^2) -> 2.2676807 | BM31: =SQRT(($B31-BM$16)^2+($C31-BM$17)^2+($D31-BM$18)^2) -> 3.592029 | BN31: =SQRT(($B31-BN$16)^2+($C31-BN$17)^2+($D31-BN$18)^2) -> 1.4593917 | BO31: =MATCH(MIN(BL31:BN31),BL31:BN31,0) -> 3 | BQ31: =SQRT(($B31-BQ$16)^2+($C31-BQ$17)^2+($D31-BQ$18)^2) -> 2.2676807 | BR31: =SQRT(($B31-BR$16)^2+($C31-BR$17)^2+($D31-BR$18)^2) -> 3.592029 | BS31: =SQRT(($B31-BS$16)^2+($C31-BS$17)^2+($D31-BS$18)^2) -> 1.4593917 | BT31: =MATCH(MIN(BQ31:BS31),BQ31:BS31,0) -> 3 | BV31: =SQRT(($B31-BV$16)^2+($C31-BV$17)^2+($D31-BV$18)^2) -> 2.2676807 | BW31: =SQRT(($B31-BW$16)^2+($C31-BW$17)^2+($D31-BW$18)^2) -> 3.592029 | BX31: =SQRT(($B31-BX$16)^2+($C31-BX$17)^2+($D31-BX$18)^2) -> 1.4593917 | BY31: =MATCH(MIN(BV31:BX31),BV31:BX31,0) -> 3 | CA31: =SQRT(($B31-CA$16)^2+($C31-CA$17)^2+($D31-CA$18)^2) -> 2.2676807 | CB31: =SQRT(($B31-CB$16)^2+($C31-CB$17)^2+($D31-CB$18)^2) -> 3.592029 | CC31: =SQRT(($B31-CC$16)^2+($C31-CC$17)^2+($D31-CC$18)^2) -> 1.4593917 | CD31: =MATCH(MIN(CA31:CC31),CA31:CC31,0) -> 3
A32: =KMeans_Data!A14 -> Raiwind | B32: =KMeans_Data!H14 -> 1.2015386 | C32: =KMeans_Data!I14 -> -0.14698313 | D32: =KMeans_Data!J14 -> -0.82444602 | E32: =CD32 -> 3 | F32: =($B32-INDEX($L$16:$N$16,E32))^2+($C32-INDEX($L$17:$N$17,E32))^2+($D32-INDEX($L$18:$N$18,E32))^2 -> 3.1205537 | G32: =INDEX($M$5:$M$7,E32) -> Medium burden | H32: =IF(COUNTIF(Distance_Matrix!$E$9:$DQ$9,$E32)<=1,0,SUMIF(Distance_Matrix!$E$9:$DQ$9,$E32,Distance_Matrix!$E$23:$DQ$23)/(COUNTIF(Distance_Matrix!$E$9:$DQ$9,$E32)-1)) -> 1.9788526 | I32: =MIN(IF(1=$E32,1E+99,IF(COUNTIF(Distance_Matrix!$E$9:$DQ$9,1)=0,1E+99,SUMIF(Distance_Matrix!$E$9:$DQ$9,1,Distance_Matrix!$E$23:$DQ$23)/COUNTIF(Distance_Matrix!$E$9:$DQ$9,1))),IF(2=$E32,1E+99,IF(COUNTIF(Distance_Matrix!$E$9:$DQ$9,2)=0,1E+99,SUMIF(Distance_Matrix!$E$9:$DQ$9,2,Distance_Matrix!$E$23:$DQ$23)/COUNTIF(Distance_Matrix!$E$9:$DQ$9,2))),IF(3=$E32,1E+99,IF(COUNTIF(Distance_Matrix!$E$9:$DQ$9,3)=0,1E+99,SUMIF(Distance_Matrix!$E$9:$DQ$9,3,Distance_Matrix!$E$23:$DQ$23)/COUNTIF(Distance_Matrix!$E$9:$DQ$9,3)))) -> 1.9782324 | J32: =IF(COUNTIF(Distance_Matrix!$E$9:$DQ$9,$E32)<=1,0,(I32-H32)/MAX(H32,I32)) -> -0.00031339216 | X32: =SQRT(($B32-X$16)^2+($C32-X$17)^2+($D32-X$18)^2) -> 6.2000657 | Y32: =SQRT(($B32-Y$16)^2+($C32-Y$17)^2+($D32-Y$18)^2) -> 3.3386031 | Z32: =SQRT(($B32-Z$16)^2+($C32-Z$17)^2+($D32-Z$18)^2) -> 2.3600059 | AA32: =MATCH(MIN(X32:Z32),X32:Z32,0) -> 3 | AC32: =SQRT(($B32-AC$16)^2+($C32-AC$17)^2+($D32-AC$18)^2) -> 5.1902564 | AD32: =SQRT(($B32-AD$16)^2+($C32-AD$17)^2+($D32-AD$18)^2) -> 2.0276426 | AE32: =SQRT(($B32-AE$16)^2+($C32-AE$17)^2+($D32-AE$18)^2) -> 1.6497137 | AF32: =MATCH(MIN(AC32:AE32),AC32:AE32,0) -> 3 | AH32: =SQRT(($B32-AH$16)^2+($C32-AH$17)^2+($D32-AH$18)^2) -> 4.5767881 | AI32: =SQRT(($B32-AI$16)^2+($C32-AI$17)^2+($D32-AI$18)^2) -> 1.9065084 | AJ32: =SQRT(($B32-AJ$16)^2+($C32-AJ$17)^2+($D32-AJ$18)^2) -> 1.7601283 | AK32: =MATCH(MIN(AH32:AJ32),AH32:AJ32,0) -> 3 | AM32: =SQRT(($B32-AM$16)^2+($C32-AM$17)^2+($D32-AM$18)^2) -> 4.5767881 | AN32: =SQRT(($B32-AN$16)^2+($C32-AN$17)^2+($D32-AN$18)^2) -> 1.9015038 | AO32: =SQRT(($B32-AO$16)^2+($C32-AO$17)^2+($D32-AO$18)^2) -> 1.7665089 | AP32: =MATCH(MIN(AM32:AO32),AM32:AO32,0) -> 3 | AR32: =SQRT(($B32-AR$16)^2+($C32-AR$17)^2+($D32-AR$18)^2) -> 4.5767881 | AS32: =SQRT(($B32-AS$16)^2+($C32-AS$17)^2+($D32-AS$18)^2) -> 1.9015038 | AT32: =SQRT(($B32-AT$16)^2+($C32-AT$17)^2+($D32-AT$18)^2) -> 1.7665089 | AU32: =MATCH(MIN(AR32:AT32),AR32:AT32,0) -> 3 | AW32: =SQRT(($B32-AW$16)^2+($C32-AW$17)^2+($D32-AW$18)^2) -> 4.5767881 | AX32: =SQRT(($B32-AX$16)^2+($C32-AX$17)^2+($D32-AX$18)^2) -> 1.9015038 | AY32: =SQRT(($B32-AY$16)^2+($C32-AY$17)^2+($D32-AY$18)^2) -> 1.7665089 | AZ32: =MATCH(MIN(AW32:AY32),AW32:AY32,0) -> 3 | BB32: =SQRT(($B32-BB$16)^2+($C32-BB$17)^2+($D32-BB$18)^2) -> 4.5767881 | BC32: =SQRT(($B32-BC$16)^2+($C32-BC$17)^2+($D32-BC$18)^2) -> 1.9015038 | BD32: =SQRT(($B32-BD$16)^2+($C32-BD$17)^2+($D32-BD$18)^2) -> 1.7665089 | BE32: =MATCH(MIN(BB32:BD32),BB32:BD32,0) -> 3 | BG32: =SQRT(($B32-BG$16)^2+($C32-BG$17)^2+($D32-BG$18)^2) -> 4.5767881 | BH32: =SQRT(($B32-BH$16)^2+($C32-BH$17)^2+($D32-BH$18)^2) -> 1.9015038 | BI32: =SQRT(($B32-BI$16)^2+($C32-BI$17)^2+($D32-BI$18)^2) -> 1.7665089 | BJ32: =MATCH(MIN(BG32:BI32),BG32:BI32,0) -> 3 | BL32: =SQRT(($B32-BL$16)^2+($C32-BL$17)^2+($D32-BL$18)^2) -> 4.5767881 | BM32: =SQRT(($B32-BM$16)^2+($C32-BM$17)^2+($D32-BM$18)^2) -> 1.9015038 | BN32: =SQRT(($B32-BN$16)^2+($C32-BN$17)^2+($D32-BN$18)^2) -> 1.7665089 | BO32: =MATCH(MIN(BL32:BN32),BL32:BN32,0) -> 3 | BQ32: =SQRT(($B32-BQ$16)^2+($C32-BQ$17)^2+($D32-BQ$18)^2) -> 4.5767881 | BR32: =SQRT(($B32-BR$16)^2+($C32-BR$17)^2+($D32-BR$18)^2) -> 1.9015038 | BS32: =SQRT(($B32-BS$16)^2+($C32-BS$17)^2+($D32-BS$18)^2) -> 1.7665089 | BT32: =MATCH(MIN(BQ32:BS32),BQ32:BS32,0) -> 3 | BV32: =SQRT(($B32-BV$16)^2+($C32-BV$17)^2+($D32-BV$18)^2) -> 4.5767881 | BW32: =SQRT(($B32-BW$16)^2+($C32-BW$17)^2+($D32-BW$18)^2) -> 1.9015038 | BX32: =SQRT(($B32-BX$16)^2+($C32-BX$17)^2+($D32-BX$18)^2) -> 1.7665089 | BY32: =MATCH(MIN(BV32:BX32),BV32:BX32,0) -> 3 | CA32: =SQRT(($B32-CA$16)^2+($C32-CA$17)^2+($D32-CA$18)^2) -> 4.5767881 | CB32: =SQRT(($B32-CB$16)^2+($C32-CB$17)^2+($D32-CB$18)^2) -> 1.9015038 | CC32: =SQRT(($B32-CC$16)^2+($C32-CC$17)^2+($D32-CC$18)^2) -> 1.7665089 | CD32: =MATCH(MIN(CA32:CC32),CA32:CC32,0) -> 3
A33: =KMeans_Data!A15 -> Malakand | B33: =KMeans_Data!H15 -> 1.141068 | C33: =KMeans_Data!I15 -> 1.4759955 | D33: =KMeans_Data!J15 -> 0.98834987 | E33: =CD33 -> 3 | F33: =($B33-INDEX($L$16:$N$16,E33))^2+($C33-INDEX($L$17:$N$17,E33))^2+($D33-INDEX($L$18:$N$18,E33))^2 -> 1.5442434 | G33: =INDEX($M$5:$M$7,E33) -> Medium burden | H33: =IF(COUNTIF(Distance_Matrix!$E$9:$DQ$9,$E33)<=1,0,SUMIF(Distance_Matrix!$E$9:$DQ$9,$E33,Distance_Matrix!$E$24:$DQ$24)/(COUNTIF(Distance_Matrix!$E$9:$DQ$9,$E33)-1)) -> 1.4359416 | I33: =MIN(IF(1=$E33,1E+99,IF(COUNTIF(Distance_Matrix!$E$9:$DQ$9,1)=0,1E+99,SUMIF(Distance_Matrix!$E$9:$DQ$9,1,Distance_Matrix!$E$24:$DQ$24)/COUNTIF(Distance_Matrix!$E$9:$DQ$9,1))),IF(2=$E33,1E+99,IF(COUNTIF(Distance_Matrix!$E$9:$DQ$9,2)=0,1E+99,SUMIF(Distance_Matrix!$E$9:$DQ$9,2,Distance_Matrix!$E$24:$DQ$24)/COUNTIF(Distance_Matrix!$E$9:$DQ$9,2))),IF(3=$E33,1E+99,IF(COUNTIF(Distance_Matrix!$E$9:$DQ$9,3)=0,1E+99,SUMIF(Distance_Matrix!$E$9:$DQ$9,3,Distance_Matrix!$E$24:$DQ$24)/COUNTIF(Distance_Matrix!$E$9:$DQ$9,3)))) -> 2.4475405 | J33: =IF(COUNTIF(Distance_Matrix!$E$9:$DQ$9,$E33)<=1,0,(I33-H33)/MAX(H33,I33)) -> 0.41331242 | X33: =SQRT(($B33-X$16)^2+($C33-X$17)^2+($D33-X$18)^2) -> 4.0306685 | Y33: =SQRT(($B33-Y$16)^2+($C33-Y$17)^2+($D33-Y$18)^2) -> 4.4208824 | Z33: =SQRT(($B33-Z$16)^2+($C33-Z$17)^2+($D33-Z$18)^2) -> 1.2030082 | AA33: =MATCH(MIN(X33:Z33),X33:Z33,0) -> 3 | AC33: =SQRT(($B33-AC$16)^2+($C33-AC$17)^2+($D33-AC$18)^2) -> 3.0287889 | AD33: =SQRT(($B33-AD$16)^2+($C33-AD$17)^2+($D33-AD$18)^2) -> 3.3787805 | AE33: =SQRT(($B33-AE$16)^2+($C33-AE$17)^2+($D33-AE$18)^2) -> 1.3512435 | AF33: =MATCH(MIN(AC33:AE33),AC33:AE33,0) -> 3 | AH33: =SQRT(($B33-AH$16)^2+($C33-AH$17)^2+($D33-AH$18)^2) -> 2.392981 | AI33: =SQRT(($B33-AI$16)^2+($C33-AI$17)^2+($D33-AI$18)^2) -> 3.2643237 | AJ33: =SQRT(($B33-AJ$16)^2+($C33-AJ$17)^2+($D33-AJ$18)^2) -> 1.2647315 | AK33: =MATCH(MIN(AH33:AJ33),AH33:AJ33,0) -> 3 | AM33: =SQRT(($B33-AM$16)^2+($C33-AM$17)^2+($D33-AM$18)^2) -> 2.392981 | AN33: =SQRT(($B33-AN$16)^2+($C33-AN$17)^2+($D33-AN$18)^2) -> 3.2497385 | AO33: =SQRT(($B33-AO$16)^2+($C33-AO$17)^2+($D33-AO$18)^2) -> 1.2426759 | AP33: =MATCH(MIN(AM33:AO33),AM33:AO33,0) -> 3 | AR33: =SQRT(($B33-AR$16)^2+($C33-AR$17)^2+($D33-AR$18)^2) -> 2.392981 | AS33: =SQRT(($B33-AS$16)^2+($C33-AS$17)^2+($D33-AS$18)^2) -> 3.2497385 | AT33: =SQRT(($B33-AT$16)^2+($C33-AT$17)^2+($D33-AT$18)^2) -> 1.2426759 | AU33: =MATCH(MIN(AR33:AT33),AR33:AT33,0) -> 3 | AW33: =SQRT(($B33-AW$16)^2+($C33-AW$17)^2+($D33-AW$18)^2) -> 2.392981 | AX33: =SQRT(($B33-AX$16)^2+($C33-AX$17)^2+($D33-AX$18)^2) -> 3.2497385 | AY33: =SQRT(($B33-AY$16)^2+($C33-AY$17)^2+($D33-AY$18)^2) -> 1.2426759 | AZ33: =MATCH(MIN(AW33:AY33),AW33:AY33,0) -> 3 | BB33: =SQRT(($B33-BB$16)^2+($C33-BB$17)^2+($D33-BB$18)^2) -> 2.392981 | BC33: =SQRT(($B33-BC$16)^2+($C33-BC$17)^2+($D33-BC$18)^2) -> 3.2497385 | BD33: =SQRT(($B33-BD$16)^2+($C33-BD$17)^2+($D33-BD$18)^2) -> 1.2426759 | BE33: =MATCH(MIN(BB33:BD33),BB33:BD33,0) -> 3 | BG33: =SQRT(($B33-BG$16)^2+($C33-BG$17)^2+($D33-BG$18)^2) -> 2.392981 | BH33: =SQRT(($B33-BH$16)^2+($C33-BH$17)^2+($D33-BH$18)^2) -> 3.2497385 | BI33: =SQRT(($B33-BI$16)^2+($C33-BI$17)^2+($D33-BI$18)^2) -> 1.2426759 | BJ33: =MATCH(MIN(BG33:BI33),BG33:BI33,0) -> 3 | BL33: =SQRT(($B33-BL$16)^2+($C33-BL$17)^2+($D33-BL$18)^2) -> 2.392981 | BM33: =SQRT(($B33-BM$16)^2+($C33-BM$17)^2+($D33-BM$18)^2) -> 3.2497385 | BN33: =SQRT(($B33-BN$16)^2+($C33-BN$17)^2+($D33-BN$18)^2) -> 1.2426759 | BO33: =MATCH(MIN(BL33:BN33),BL33:BN33,0) -> 3 | BQ33: =SQRT(($B33-BQ$16)^2+($C33-BQ$17)^2+($D33-BQ$18)^2) -> 2.392981 | BR33: =SQRT(($B33-BR$16)^2+($C33-BR$17)^2+($D33-BR$18)^2) -> 3.2497385 | BS33: =SQRT(($B33-BS$16)^2+($C33-BS$17)^2+($D33-BS$18)^2) -> 1.2426759 | BT33: =MATCH(MIN(BQ33:BS33),BQ33:BS33,0) -> 3 | BV33: =SQRT(($B33-BV$16)^2+($C33-BV$17)^2+($D33-BV$18)^2) -> 2.392981 | BW33: =SQRT(($B33-BW$16)^2+($C33-BW$17)^2+($D33-BW$18)^2) -> 3.2497385 | BX33: =SQRT(($B33-BX$16)^2+($C33-BX$17)^2+($D33-BX$18)^2) -> 1.2426759 | BY33: =MATCH(MIN(BV33:BX33),BV33:BX33,0) -> 3 | CA33: =SQRT(($B33-CA$16)^2+($C33-CA$17)^2+($D33-CA$18)^2) -> 2.392981 | CB33: =SQRT(($B33-CB$16)^2+($C33-CB$17)^2+($D33-CB$18)^2) -> 3.2497385 | CC33: =SQRT(($B33-CC$16)^2+($C33-CC$17)^2+($D33-CC$18)^2) -> 1.2426759 | CD33: =MATCH(MIN(CA33:CC33),CA33:CC33,0) -> 3
A34: =KMeans_Data!A16 -> Mardan | B34: =KMeans_Data!H16 -> 1.1269857 | C34: =KMeans_Data!I16 -> 1.7684733 | D34: =KMeans_Data!J16 -> 1.166877 | E34: =CD34 -> 3 | F34: =($B34-INDEX($L$16:$N$16,E34))^2+($C34-INDEX($L$17:$N$17,E34))^2+($D34-INDEX($L$18:$N$18,E34))^2 -> 2.3562239 | G34: =INDEX($M$5:$M$7,E34) -> Medium burden | H34: =IF(COUNTIF(Distance_Matrix!$E$9:$DQ$9,$E34)<=1,0,SUMIF(Distance_Matrix!$E$9:$DQ$9,$E34,Distance_Matrix!$E$25:$DQ$25)/(COUNTIF(Distance_Matrix!$E$9:$DQ$9,$E34)-1)) -> 1.6863684 | I34: =MIN(IF(1=$E34,1E+99,IF(COUNTIF(Distance_Matrix!$E$9:$DQ$9,1)=0,1E+99,SUMIF(Distance_Matrix!$E$9:$DQ$9,1,Distance_Matrix!$E$25:$DQ$25)/COUNTIF(Distance_Matrix!$E$9:$DQ$9,1))),IF(2=$E34,1E+99,IF(COUNTIF(Distance_Matrix!$E$9:$DQ$9,2)=0,1E+99,SUMIF(Distance_Matrix!$E$9:$DQ$9,2,Distance_Matrix!$E$25:$DQ$25)/COUNTIF(Distance_Matrix!$E$9:$DQ$9,2))),IF(3=$E34,1E+99,IF(COUNTIF(Distance_Matrix!$E$9:$DQ$9,3)=0,1E+99,SUMIF(Distance_Matrix!$E$9:$DQ$9,3,Distance_Matrix!$E$25:$DQ$25)/COUNTIF(Distance_Matrix!$E$9:$DQ$9,3)))) -> 2.196282 | J34: =IF(COUNTIF(Distance_Matrix!$E$9:$DQ$9,$E34)<=1,0,(I34-H34)/MAX(H34,I34)) -> 0.23217127 | X34: =SQRT(($B34-X$16)^2+($C34-X$17)^2+($D34-X$18)^2) -> 3.75717 | Y34: =SQRT(($B34-Y$16)^2+($C34-Y$17)^2+($D34-Y$18)^2) -> 4.646495 | Z34: =SQRT(($B34-Z$16)^2+($C34-Z$17)^2+($D34-Z$18)^2) -> 1.42537 | AA34: =MATCH(MIN(X34:Z34),X34:Z34,0) -> 3 | AC34: =SQRT(($B34-AC$16)^2+($C34-AC$17)^2+($D34-AC$18)^2) -> 2.7589431 | AD34: =SQRT(($B34-AD$16)^2+($C34-AD$17)^2+($D34-AD$18)^2) -> 3.6562077 | AE34: =SQRT(($B34-AE$16)^2+($C34-AE$17)^2+($D34-AE$18)^2) -> 1.6513345 | AF34: =MATCH(MIN(AC34:AE34),AC34:AE34,0) -> 3 | AH34: =SQRT(($B34-AH$16)^2+($C34-AH$17)^2+($D34-AH$18)^2) -> 2.128505 | AI34: =SQRT(($B34-AI$16)^2+($C34-AI$17)^2+($D34-AI$18)^2) -> 3.5465557 | AJ34: =SQRT(($B34-AJ$16)^2+($C34-AJ$17)^2+($D34-AJ$18)^2) -> 1.5562873 | AK34: =MATCH(MIN(AH34:AJ34),AH34:AJ34,0) -> 3 | AM34: =SQRT(($B34-AM$16)^2+($C34-AM$17)^2+($D34-AM$18)^2) -> 2.128505 | AN34: =SQRT(($B34-AN$16)^2+($C34-AN$17)^2+($D34-AN$18)^2) -> 3.5317977 | AO34: =SQRT(($B34-AO$16)^2+($C34-AO$17)^2+($D34-AO$18)^2) -> 1.5349996 | AP34: =MATCH(MIN(AM34:AO34),AM34:AO34,0) -> 3 | AR34: =SQRT(($B34-AR$16)^2+($C34-AR$17)^2+($D34-AR$18)^2) -> 2.128505 | AS34: =SQRT(($B34-AS$16)^2+($C34-AS$17)^2+($D34-AS$18)^2) -> 3.5317977 | AT34: =SQRT(($B34-AT$16)^2+($C34-AT$17)^2+($D34-AT$18)^2) -> 1.5349996 | AU34: =MATCH(MIN(AR34:AT34),AR34:AT34,0) -> 3 | AW34: =SQRT(($B34-AW$16)^2+($C34-AW$17)^2+($D34-AW$18)^2) -> 2.128505 | AX34: =SQRT(($B34-AX$16)^2+($C34-AX$17)^2+($D34-AX$18)^2) -> 3.5317977 | AY34: =SQRT(($B34-AY$16)^2+($C34-AY$17)^2+($D34-AY$18)^2) -> 1.5349996 | AZ34: =MATCH(MIN(AW34:AY34),AW34:AY34,0) -> 3 | BB34: =SQRT(($B34-BB$16)^2+($C34-BB$17)^2+($D34-BB$18)^2) -> 2.128505 | BC34: =SQRT(($B34-BC$16)^2+($C34-BC$17)^2+($D34-BC$18)^2) -> 3.5317977 | BD34: =SQRT(($B34-BD$16)^2+($C34-BD$17)^2+($D34-BD$18)^2) -> 1.5349996 | BE34: =MATCH(MIN(BB34:BD34),BB34:BD34,0) -> 3 | BG34: =SQRT(($B34-BG$16)^2+($C34-BG$17)^2+($D34-BG$18)^2) -> 2.128505 | BH34: =SQRT(($B34-BH$16)^2+($C34-BH$17)^2+($D34-BH$18)^2) -> 3.5317977 | BI34: =SQRT(($B34-BI$16)^2+($C34-BI$17)^2+($D34-BI$18)^2) -> 1.5349996 | BJ34: =MATCH(MIN(BG34:BI34),BG34:BI34,0) -> 3 | BL34: =SQRT(($B34-BL$16)^2+($C34-BL$17)^2+($D34-BL$18)^2) -> 2.128505 | BM34: =SQRT(($B34-BM$16)^2+($C34-BM$17)^2+($D34-BM$18)^2) -> 3.5317977 | BN34: =SQRT(($B34-BN$16)^2+($C34-BN$17)^2+($D34-BN$18)^2) -> 1.5349996 | BO34: =MATCH(MIN(BL34:BN34),BL34:BN34,0) -> 3 | BQ34: =SQRT(($B34-BQ$16)^2+($C34-BQ$17)^2+($D34-BQ$18)^2) -> 2.128505 | BR34: =SQRT(($B34-BR$16)^2+($C34-BR$17)^2+($D34-BR$18)^2) -> 3.5317977 | BS34: =SQRT(($B34-BS$16)^2+($C34-BS$17)^2+($D34-BS$18)^2) -> 1.5349996 | BT34: =MATCH(MIN(BQ34:BS34),BQ34:BS34,0) -> 3 | BV34: =SQRT(($B34-BV$16)^2+($C34-BV$17)^2+($D34-BV$18)^2) -> 2.128505 | BW34: =SQRT(($B34-BW$16)^2+($C34-BW$17)^2+($D34-BW$18)^2) -> 3.5317977 | BX34: =SQRT(($B34-BX$16)^2+($C34-BX$17)^2+($D34-BX$18)^2) -> 1.5349996 | BY34: =MATCH(MIN(BV34:BX34),BV34:BX34,0) -> 3 | CA34: =SQRT(($B34-CA$16)^2+($C34-CA$17)^2+($D34-CA$18)^2) -> 2.128505 | CB34: =SQRT(($B34-CB$16)^2+($C34-CB$17)^2+($D34-CB$18)^2) -> 3.5317977 | CC34: =SQRT(($B34-CC$16)^2+($C34-CC$17)^2+($D34-CC$18)^2) -> 1.5349996 | CD34: =MATCH(MIN(CA34:CC34),CA34:CC34,0) -> 3
A35: =KMeans_Data!A17 -> Gilgit | B35: =KMeans_Data!H17 -> 1.0425286 | C35: =KMeans_Data!I17 -> 0.99367572 | D35: =KMeans_Data!J17 -> 1.0804956 | E35: =CD35 -> 3 | F35: =($B35-INDEX($L$16:$N$16,E35))^2+($C35-INDEX($L$17:$N$17,E35))^2+($D35-INDEX($L$18:$N$18,E35))^2 -> 0.72266797 | G35: =INDEX($M$5:$M$7,E35) -> Medium burden | H35: =IF(COUNTIF(Distance_Matrix!$E$9:$DQ$9,$E35)<=1,0,SUMIF(Distance_Matrix!$E$9:$DQ$9,$E35,Distance_Matrix!$E$26:$DQ$26)/(COUNTIF(Distance_Matrix!$E$9:$DQ$9,$E35)-1)) -> 1.1523553 | I35: =MIN(IF(1=$E35,1E+99,IF(COUNTIF(Distance_Matrix!$E$9:$DQ$9,1)=0,1E+99,SUMIF(Distance_Matrix!$E$9:$DQ$9,1,Distance_Matrix!$E$26:$DQ$26)/COUNTIF(Distance_Matrix!$E$9:$DQ$9,1))),IF(2=$E35,1E+99,IF(COUNTIF(Distance_Matrix!$E$9:$DQ$9,2)=0,1E+99,SUMIF(Distance_Matrix!$E$9:$DQ$9,2,Distance_Matrix!$E$26:$DQ$26)/COUNTIF(Distance_Matrix!$E$9:$DQ$9,2))),IF(3=$E35,1E+99,IF(COUNTIF(Distance_Matrix!$E$9:$DQ$9,3)=0,1E+99,SUMIF(Distance_Matrix!$E$9:$DQ$9,3,Distance_Matrix!$E$26:$DQ$26)/COUNTIF(Distance_Matrix!$E$9:$DQ$9,3)))) -> 2.7942327 | J35: =IF(COUNTIF(Distance_Matrix!$E$9:$DQ$9,$E35)<=1,0,(I35-H35)/MAX(H35,I35)) -> 0.58759508 | X35: =SQRT(($B35-X$16)^2+($C35-X$17)^2+($D35-X$18)^2) -> 4.3557397 | Y35: =SQRT(($B35-Y$16)^2+($C35-Y$17)^2+($D35-Y$18)^2) -> 4.1810154 | Z35: =SQRT(($B35-Z$16)^2+($C35-Z$17)^2+($D35-Z$18)^2) -> 0.72819677 | AA35: =MATCH(MIN(X35:Z35),X35:Z35,0) -> 3 | AC35: =SQRT(($B35-AC$16)^2+($C35-AC$17)^2+($D35-AC$18)^2) -> 3.3825764 | AD35: =SQRT(($B35-AD$16)^2+($C35-AD$17)^2+($D35-AD$18)^2) -> 3.095386 | AE35: =SQRT(($B35-AE$16)^2+($C35-AE$17)^2+($D35-AE$18)^2) -> 0.96980821 | AF35: =MATCH(MIN(AC35:AE35),AC35:AE35,0) -> 3 | AH35: =SQRT(($B35-AH$16)^2+($C35-AH$17)^2+($D35-AH$18)^2) -> 2.7473667 | AI35: =SQRT(($B35-AI$16)^2+($C35-AI$17)^2+($D35-AI$18)^2) -> 2.9740572 | AJ35: =SQRT(($B35-AJ$16)^2+($C35-AJ$17)^2+($D35-AJ$18)^2) -> 0.87457616 | AK35: =MATCH(MIN(AH35:AJ35),AH35:AJ35,0) -> 3 | AM35: =SQRT(($B35-AM$16)^2+($C35-AM$17)^2+($D35-AM$18)^2) -> 2.7473667 | AN35: =SQRT(($B35-AN$16)^2+($C35-AN$17)^2+($D35-AN$18)^2) -> 2.9589746 | AO35: =SQRT(($B35-AO$16)^2+($C35-AO$17)^2+($D35-AO$18)^2) -> 0.8500988 | AP35: =MATCH(MIN(AM35:AO35),AM35:AO35,0) -> 3 | AR35: =SQRT(($B35-AR$16)^2+($C35-AR$17)^2+($D35-AR$18)^2) -> 2.7473667 | AS35: =SQRT(($B35-AS$16)^2+($C35-AS$17)^2+($D35-AS$18)^2) -> 2.9589746 | AT35: =SQRT(($B35-AT$16)^2+($C35-AT$17)^2+($D35-AT$18)^2) -> 0.8500988 | AU35: =MATCH(MIN(AR35:AT35),AR35:AT35,0) -> 3 | AW35: =SQRT(($B35-AW$16)^2+($C35-AW$17)^2+($D35-AW$18)^2) -> 2.7473667 | AX35: =SQRT(($B35-AX$16)^2+($C35-AX$17)^2+($D35-AX$18)^2) -> 2.9589746 | AY35: =SQRT(($B35-AY$16)^2+($C35-AY$17)^2+($D35-AY$18)^2) -> 0.8500988 | AZ35: =MATCH(MIN(AW35:AY35),AW35:AY35,0) -> 3 | BB35: =SQRT(($B35-BB$16)^2+($C35-BB$17)^2+($D35-BB$18)^2) -> 2.7473667 | BC35: =SQRT(($B35-BC$16)^2+($C35-BC$17)^2+($D35-BC$18)^2) -> 2.9589746 | BD35: =SQRT(($B35-BD$16)^2+($C35-BD$17)^2+($D35-BD$18)^2) -> 0.8500988 | BE35: =MATCH(MIN(BB35:BD35),BB35:BD35,0) -> 3 | BG35: =SQRT(($B35-BG$16)^2+($C35-BG$17)^2+($D35-BG$18)^2) -> 2.7473667 | BH35: =SQRT(($B35-BH$16)^2+($C35-BH$17)^2+($D35-BH$18)^2) -> 2.9589746 | BI35: =SQRT(($B35-BI$16)^2+($C35-BI$17)^2+($D35-BI$18)^2) -> 0.8500988 | BJ35: =MATCH(MIN(BG35:BI35),BG35:BI35,0) -> 3 | BL35: =SQRT(($B35-BL$16)^2+($C35-BL$17)^2+($D35-BL$18)^2) -> 2.7473667 | BM35: =SQRT(($B35-BM$16)^2+($C35-BM$17)^2+($D35-BM$18)^2) -> 2.9589746 | BN35: =SQRT(($B35-BN$16)^2+($C35-BN$17)^2+($D35-BN$18)^2) -> 0.8500988 | BO35: =MATCH(MIN(BL35:BN35),BL35:BN35,0) -> 3 | BQ35: =SQRT(($B35-BQ$16)^2+($C35-BQ$17)^2+($D35-BQ$18)^2) -> 2.7473667 | BR35: =SQRT(($B35-BR$16)^2+($C35-BR$17)^2+($D35-BR$18)^2) -> 2.9589746 | BS35: =SQRT(($B35-BS$16)^2+($C35-BS$17)^2+($D35-BS$18)^2) -> 0.8500988 | BT35: =MATCH(MIN(BQ35:BS35),BQ35:BS35,0) -> 3 | BV35: =SQRT(($B35-BV$16)^2+($C35-BV$17)^2+($D35-BV$18)^2) -> 2.7473667 | BW35: =SQRT(($B35-BW$16)^2+($C35-BW$17)^2+($D35-BW$18)^2) -> 2.9589746 | BX35: =SQRT(($B35-BX$16)^2+($C35-BX$17)^2+($D35-BX$18)^2) -> 0.8500988 | BY35: =MATCH(MIN(BV35:BX35),BV35:BX35,0) -> 3 | CA35: =SQRT(($B35-CA$16)^2+($C35-CA$17)^2+($D35-CA$18)^2) -> 2.7473667 | CB35: =SQRT(($B35-CB$16)^2+($C35-CB$17)^2+($D35-CB$18)^2) -> 2.9589746 | CC35: =SQRT(($B35-CC$16)^2+($C35-CC$17)^2+($D35-CC$18)^2) -> 0.8500988 | CD35: =MATCH(MIN(CA35:CC35),CA35:CC35,0) -> 3
A36: =KMeans_Data!A18 -> Larkana | B36: =KMeans_Data!H18 -> 1.0373369 | C36: =KMeans_Data!I18 -> 0.37868428 | D36: =KMeans_Data!J18 -> 1.4704046 | E36: =CD36 -> 3 | F36: =($B36-INDEX($L$16:$N$16,E36))^2+($C36-INDEX($L$17:$N$17,E36))^2+($D36-INDEX($L$18:$N$18,E36))^2 -> 0.8563841 | G36: =INDEX($M$5:$M$7,E36) -> Medium burden | H36: =IF(COUNTIF(Distance_Matrix!$E$9:$DQ$9,$E36)<=1,0,SUMIF(Distance_Matrix!$E$9:$DQ$9,$E36,Distance_Matrix!$E$27:$DQ$27)/(COUNTIF(Distance_Matrix!$E$9:$DQ$9,$E36)-1)) -> 1.2477103 | I36: =MIN(IF(1=$E36,1E+99,IF(COUNTIF(Distance_Matrix!$E$9:$DQ$9,1)=0,1E+99,SUMIF(Distance_Matrix!$E$9:$DQ$9,1,Distance_Matrix!$E$27:$DQ$27)/COUNTIF(Distance_Matrix!$E$9:$DQ$9,1))),IF(2=$E36,1E+99,IF(COUNTIF(Distance_Matrix!$E$9:$DQ$9,2)=0,1E+99,SUMIF(Distance_Matrix!$E$9:$DQ$9,2,Distance_Matrix!$E$27:$DQ$27)/COUNTIF(Distance_Matrix!$E$9:$DQ$9,2))),IF(3=$E36,1E+99,IF(COUNTIF(Distance_Matrix!$E$9:$DQ$9,3)=0,1E+99,SUMIF(Distance_Matrix!$E$9:$DQ$9,3,Distance_Matrix!$E$27:$DQ$27)/COUNTIF(Distance_Matrix!$E$9:$DQ$9,3)))) -> 3.0057346 | J36: =IF(COUNTIF(Distance_Matrix!$E$9:$DQ$9,$E36)<=1,0,(I36-H36)/MAX(H36,I36)) -> 0.58489006 | X36: =SQRT(($B36-X$16)^2+($C36-X$17)^2+($D36-X$18)^2) -> 4.6451579 | Y36: =SQRT(($B36-Y$16)^2+($C36-Y$17)^2+($D36-Y$18)^2) -> 4.2029956 | Z36: =SQRT(($B36-Z$16)^2+($C36-Z$17)^2+($D36-Z$18)^2) -> 0 | AA36: =MATCH(MIN(X36:Z36),X36:Z36,0) -> 3 | AC36: =SQRT(($B36-AC$16)^2+($C36-AC$17)^2+($D36-AC$18)^2) -> 3.7406814 | AD36: =SQRT(($B36-AD$16)^2+($C36-AD$17)^2+($D36-AD$18)^2) -> 3.0929491 | AE36: =SQRT(($B36-AE$16)^2+($C36-AE$17)^2+($D36-AE$18)^2) -> 1.028923 | AF36: =MATCH(MIN(AC36:AE36),AC36:AE36,0) -> 3 | AH36: =SQRT(($B36-AH$16)^2+($C36-AH$17)^2+($D36-AH$18)^2) -> 3.126383 | AI36: =SQRT(($B36-AI$16)^2+($C36-AI$17)^2+($D36-AI$18)^2) -> 2.9651989 | AJ36: =SQRT(($B36-AJ$16)^2+($C36-AJ$17)^2+($D36-AJ$18)^2) -> 0.94484638 | AK36: =MATCH(MIN(AH36:AJ36),AH36:AJ36,0) -> 3 | AM36: =SQRT(($B36-AM$16)^2+($C36-AM$17)^2+($D36-AM$18)^2) -> 3.126383 | AN36: =SQRT(($B36-AN$16)^2+($C36-AN$17)^2+($D36-AN$18)^2) -> 2.9497992 | AO36: =SQRT(($B36-AO$16)^2+($C36-AO$17)^2+($D36-AO$18)^2) -> 0.92541023 | AP36: =MATCH(MIN(AM36:AO36),AM36:AO36,0) -> 3 | AR36: =SQRT(($B36-AR$16)^2+($C36-AR$17)^2+($D36-AR$18)^2) -> 3.126383 | AS36: =SQRT(($B36-AS$16)^2+($C36-AS$17)^2+($D36-AS$18)^2) -> 2.9497992 | AT36: =SQRT(($B36-AT$16)^2+($C36-AT$17)^2+($D36-AT$18)^2) -> 0.92541023 | AU36: =MATCH(MIN(AR36:AT36),AR36:AT36,0) -> 3 | AW36: =SQRT(($B36-AW$16)^2+($C36-AW$17)^2+($D36-AW$18)^2) -> 3.126383 | AX36: =SQRT(($B36-AX$16)^2+($C36-AX$17)^2+($D36-AX$18)^2) -> 2.9497992 | AY36: =SQRT(($B36-AY$16)^2+($C36-AY$17)^2+($D36-AY$18)^2) -> 0.92541023 | AZ36: =MATCH(MIN(AW36:AY36),AW36:AY36,0) -> 3 | BB36: =SQRT(($B36-BB$16)^2+($C36-BB$17)^2+($D36-BB$18)^2) -> 3.126383 | BC36: =SQRT(($B36-BC$16)^2+($C36-BC$17)^2+($D36-BC$18)^2) -> 2.9497992 | BD36: =SQRT(($B36-BD$16)^2+($C36-BD$17)^2+($D36-BD$18)^2) -> 0.92541023 | BE36: =MATCH(MIN(BB36:BD36),BB36:BD36,0) -> 3 | BG36: =SQRT(($B36-BG$16)^2+($C36-BG$17)^2+($D36-BG$18)^2) -> 3.126383 | BH36: =SQRT(($B36-BH$16)^2+($C36-BH$17)^2+($D36-BH$18)^2) -> 2.9497992 | BI36: =SQRT(($B36-BI$16)^2+($C36-BI$17)^2+($D36-BI$18)^2) -> 0.92541023 | BJ36: =MATCH(MIN(BG36:BI36),BG36:BI36,0) -> 3 | BL36: =SQRT(($B36-BL$16)^2+($C36-BL$17)^2+($D36-BL$18)^2) -> 3.126383 | BM36: =SQRT(($B36-BM$16)^2+($C36-BM$17)^2+($D36-BM$18)^2) -> 2.9497992 | BN36: =SQRT(($B36-BN$16)^2+($C36-BN$17)^2+($D36-BN$18)^2) -> 0.92541023 | BO36: =MATCH(MIN(BL36:BN36),BL36:BN36,0) -> 3 | BQ36: =SQRT(($B36-BQ$16)^2+($C36-BQ$17)^2+($D36-BQ$18)^2) -> 3.126383 | BR36: =SQRT(($B36-BR$16)^2+($C36-BR$17)^2+($D36-BR$18)^2) -> 2.9497992 | BS36: =SQRT(($B36-BS$16)^2+($C36-BS$17)^2+($D36-BS$18)^2) -> 0.92541023 | BT36: =MATCH(MIN(BQ36:BS36),BQ36:BS36,0) -> 3 | BV36: =SQRT(($B36-BV$16)^2+($C36-BV$17)^2+($D36-BV$18)^2) -> 3.126383 | BW36: =SQRT(($B36-BW$16)^2+($C36-BW$17)^2+($D36-BW$18)^2) -> 2.9497992 | BX36: =SQRT(($B36-BX$16)^2+($C36-BX$17)^2+($D36-BX$18)^2) -> 0.92541023 | BY36: =MATCH(MIN(BV36:BX36),BV36:BX36,0) -> 3 | CA36: =SQRT(($B36-CA$16)^2+($C36-CA$17)^2+($D36-CA$18)^2) -> 3.126383 | CB36: =SQRT(($B36-CB$16)^2+($C36-CB$17)^2+($D36-CB$18)^2) -> 2.9497992 | CC36: =SQRT(($B36-CC$16)^2+($C36-CC$17)^2+($D36-CC$18)^2) -> 0.92541023 | CD36: =MATCH(MIN(CA36:CC36),CA36:CC36,0) -> 3
A37: =KMeans_Data!A19 -> Ghotki | B37: =KMeans_Data!H19 -> 1.0078178 | C37: =KMeans_Data!I19 -> -0.14698313 | D37: =KMeans_Data!J19 -> 1.166877 | E37: =CD37 -> 3 | F37: =($B37-INDEX($L$16:$N$16,E37))^2+($C37-INDEX($L$17:$N$17,E37))^2+($D37-INDEX($L$18:$N$18,E37))^2 -> 0.78744624 | G37: =INDEX($M$5:$M$7,E37) -> Medium burden | H37: =IF(COUNTIF(Distance_Matrix!$E$9:$DQ$9,$E37)<=1,0,SUMIF(Distance_Matrix!$E$9:$DQ$9,$E37,Distance_Matrix!$E$28:$DQ$28)/(COUNTIF(Distance_Matrix!$E$9:$DQ$9,$E37)-1)) -> 1.2525694 | I37: =MIN(IF(1=$E37,1E+99,IF(COUNTIF(Distance_Matrix!$E$9:$DQ$9,1)=0,1E+99,SUMIF(Distance_Matrix!$E$9:$DQ$9,1,Distance_Matrix!$E$28:$DQ$28)/COUNTIF(Distance_Matrix!$E$9:$DQ$9,1))),IF(2=$E37,1E+99,IF(COUNTIF(Distance_Matrix!$E$9:$DQ$9,2)=0,1E+99,SUMIF(Distance_Matrix!$E$9:$DQ$9,2,Distance_Matrix!$E$28:$DQ$28)/COUNTIF(Distance_Matrix!$E$9:$DQ$9,2))),IF(3=$E37,1E+99,IF(COUNTIF(Distance_Matrix!$E$9:$DQ$9,3)=0,1E+99,SUMIF(Distance_Matrix!$E$9:$DQ$9,3,Distance_Matrix!$E$28:$DQ$28)/COUNTIF(Distance_Matrix!$E$9:$DQ$9,3)))) -> 2.6226111 | J37: =IF(COUNTIF(Distance_Matrix!$E$9:$DQ$9,$E37)<=1,0,(I37-H37)/MAX(H37,I37)) -> 0.52239608 | X37: =SQRT(($B37-X$16)^2+($C37-X$17)^2+($D37-X$18)^2) -> 5.1970094 | Y37: =SQRT(($B37-Y$16)^2+($C37-Y$17)^2+($D37-Y$18)^2) -> 3.8932095 | Z37: =SQRT(($B37-Z$16)^2+($C37-Z$17)^2+($D37-Z$18)^2) -> 0.60772251 | AA37: =MATCH(MIN(X37:Z37),X37:Z37,0) -> 3 | AC37: =SQRT(($B37-AC$16)^2+($C37-AC$17)^2+($D37-AC$18)^2) -> 4.2870094 | AD37: =SQRT(($B37-AD$16)^2+($C37-AD$17)^2+($D37-AD$18)^2) -> 2.7130042 | AE37: =SQRT(($B37-AE$16)^2+($C37-AE$17)^2+($D37-AE$18)^2) -> 0.91196668 | AF37: =MATCH(MIN(AC37:AE37),AC37:AE37,0) -> 3 | AH37: =SQRT(($B37-AH$16)^2+($C37-AH$17)^2+($D37-AH$18)^2) -> 3.6711279 | AI37: =SQRT(($B37-AI$16)^2+($C37-AI$17)^2+($D37-AI$18)^2) -> 2.5788419 | AJ37: =SQRT(($B37-AJ$16)^2+($C37-AJ$17)^2+($D37-AJ$18)^2) -> 0.89623238 | AK37: =MATCH(MIN(AH37:AJ37),AH37:AJ37,0) -> 3 | AM37: =SQRT(($B37-AM$16)^2+($C37-AM$17)^2+($D37-AM$18)^2) -> 3.6711279 | AN37: =SQRT(($B37-AN$16)^2+($C37-AN$17)^2+($D37-AN$18)^2) -> 2.5644194 | AO37: =SQRT(($B37-AO$16)^2+($C37-AO$17)^2+($D37-AO$18)^2) -> 0.88738168 | AP37: =MATCH(MIN(AM37:AO37),AM37:AO37,0) -> 3 | AR37: =SQRT(($B37-AR$16)^2+($C37-AR$17)^2+($D37-AR$18)^2) -> 3.6711279 | AS37: =SQRT(($B37-AS$16)^2+($C37-AS$17)^2+($D37-AS$18)^2) -> 2.5644194 | AT37: =SQRT(($B37-AT$16)^2+($C37-AT$17)^2+($D37-AT$18)^2) -> 0.88738168 | AU37: =MATCH(MIN(AR37:AT37),AR37:AT37,0) -> 3 | AW37: =SQRT(($B37-AW$16)^2+($C37-AW$17)^2+($D37-AW$18)^2) -> 3.6711279 | AX37: =SQRT(($B37-AX$16)^2+($C37-AX$17)^2+($D37-AX$18)^2) -> 2.5644194 | AY37: =SQRT(($B37-AY$16)^2+($C37-AY$17)^2+($D37-AY$18)^2) -> 0.88738168 | AZ37: =MATCH(MIN(AW37:AY37),AW37:AY37,0) -> 3 | BB37: =SQRT(($B37-BB$16)^2+($C37-BB$17)^2+($D37-BB$18)^2) -> 3.6711279 | BC37: =SQRT(($B37-BC$16)^2+($C37-BC$17)^2+($D37-BC$18)^2) -> 2.5644194 | BD37: =SQRT(($B37-BD$16)^2+($C37-BD$17)^2+($D37-BD$18)^2) -> 0.88738168 | BE37: =MATCH(MIN(BB37:BD37),BB37:BD37,0) -> 3 | BG37: =SQRT(($B37-BG$16)^2+($C37-BG$17)^2+($D37-BG$18)^2) -> 3.6711279 | BH37: =SQRT(($B37-BH$16)^2+($C37-BH$17)^2+($D37-BH$18)^2) -> 2.5644194 | BI37: =SQRT(($B37-BI$16)^2+($C37-BI$17)^2+($D37-BI$18)^2) -> 0.88738168 | BJ37: =MATCH(MIN(BG37:BI37),BG37:BI37,0) -> 3 | BL37: =SQRT(($B37-BL$16)^2+($C37-BL$17)^2+($D37-BL$18)^2) -> 3.6711279 | BM37: =SQRT(($B37-BM$16)^2+($C37-BM$17)^2+($D37-BM$18)^2) -> 2.5644194 | BN37: =SQRT(($B37-BN$16)^2+($C37-BN$17)^2+($D37-BN$18)^2) -> 0.88738168 | BO37: =MATCH(MIN(BL37:BN37),BL37:BN37,0) -> 3 | BQ37: =SQRT(($B37-BQ$16)^2+($C37-BQ$17)^2+($D37-BQ$18)^2) -> 3.6711279 | BR37: =SQRT(($B37-BR$16)^2+($C37-BR$17)^2+($D37-BR$18)^2) -> 2.5644194 | BS37: =SQRT(($B37-BS$16)^2+($C37-BS$17)^2+($D37-BS$18)^2) -> 0.88738168 | BT37: =MATCH(MIN(BQ37:BS37),BQ37:BS37,0) -> 3 | BV37: =SQRT(($B37-BV$16)^2+($C37-BV$17)^2+($D37-BV$18)^2) -> 3.6711279 | BW37: =SQRT(($B37-BW$16)^2+($C37-BW$17)^2+($D37-BW$18)^2) -> 2.5644194 | BX37: =SQRT(($B37-BX$16)^2+($C37-BX$17)^2+($D37-BX$18)^2) -> 0.88738168 | BY37: =MATCH(MIN(BV37:BX37),BV37:BX37,0) -> 3 | CA37: =SQRT(($B37-CA$16)^2+($C37-CA$17)^2+($D37-CA$18)^2) -> 3.6711279 | CB37: =SQRT(($B37-CB$16)^2+($C37-CB$17)^2+($D37-CB$18)^2) -> 2.5644194 | CC37: =SQRT(($B37-CC$16)^2+($C37-CC$17)^2+($D37-CC$18)^2) -> 0.88738168 | CD37: =MATCH(MIN(CA37:CC37),CA37:CC37,0) -> 3
A38: =KMeans_Data!A20 -> Dir Lower | B38: =KMeans_Data!H20 -> 0.97062553 | C38: =KMeans_Data!I20 -> 0.99367572 | D38: =KMeans_Data!J20 -> 0.99752623 | E38: =CD38 -> 3 | F38: =($B38-INDEX($L$16:$N$16,E38))^2+($C38-INDEX($L$17:$N$17,E38))^2+($D38-INDEX($L$18:$N$18,E38))^2 -> 0.59751101 | G38: =INDEX($M$5:$M$7,E38) -> Medium burden | H38: =IF(COUNTIF(Distance_Matrix!$E$9:$DQ$9,$E38)<=1,0,SUMIF(Distance_Matrix!$E$9:$DQ$9,$E38,Distance_Matrix!$E$29:$DQ$29)/(COUNTIF(Distance_Matrix!$E$9:$DQ$9,$E38)-1)) -> 1.1031826 | I38: =MIN(IF(1=$E38,1E+99,IF(COUNTIF(Distance_Matrix!$E$9:$DQ$9,1)=0,1E+99,SUMIF(Distance_Matrix!$E$9:$DQ$9,1,Distance_Matrix!$E$29:$DQ$29)/COUNTIF(Distance_Matrix!$E$9:$DQ$9,1))),IF(2=$E38,1E+99,IF(COUNTIF(Distance_Matrix!$E$9:$DQ$9,2)=0,1E+99,SUMIF(Distance_Matrix!$E$9:$DQ$9,2,Distance_Matrix!$E$29:$DQ$29)/COUNTIF(Distance_Matrix!$E$9:$DQ$9,2))),IF(3=$E38,1E+99,IF(COUNTIF(Distance_Matrix!$E$9:$DQ$9,3)=0,1E+99,SUMIF(Distance_Matrix!$E$9:$DQ$9,3,Distance_Matrix!$E$29:$DQ$29)/COUNTIF(Distance_Matrix!$E$9:$DQ$9,3)))) -> 2.8641077 | J38: =IF(COUNTIF(Distance_Matrix!$E$9:$DQ$9,$E38)<=1,0,(I38-H38)/MAX(H38,I38)) -> 0.61482504 | X38: =SQRT(($B38-X$16)^2+($C38-X$17)^2+($D38-X$18)^2) -> 4.4346274 | Y38: =SQRT(($B38-Y$16)^2+($C38-Y$17)^2+($D38-Y$18)^2) -> 4.0834471 | Z38: =SQRT(($B38-Z$16)^2+($C38-Z$17)^2+($D38-Z$18)^2) -> 0.77863912 | AA38: =MATCH(MIN(X38:Z38),X38:Z38,0) -> 3 | AC38: =SQRT(($B38-AC$16)^2+($C38-AC$17)^2+($D38-AC$18)^2) -> 3.4555944 | AD38: =SQRT(($B38-AD$16)^2+($C38-AD$17)^2+($D38-AD$18)^2) -> 3.0028641 | AE38: =SQRT(($B38-AE$16)^2+($C38-AE$17)^2+($D38-AE$18)^2) -> 0.89113979 | AF38: =MATCH(MIN(AC38:AE38),AC38:AE38,0) -> 3 | AH38: =SQRT(($B38-AH$16)^2+($C38-AH$17)^2+($D38-AH$18)^2) -> 2.8195485 | AI38: =SQRT(($B38-AI$16)^2+($C38-AI$17)^2+($D38-AI$18)^2) -> 2.8827395 | AJ38: =SQRT(($B38-AJ$16)^2+($C38-AJ$17)^2+($D38-AJ$18)^2) -> 0.79692682 | AK38: =MATCH(MIN(AH38:AJ38),AH38:AJ38,0) -> 3 | AM38: =SQRT(($B38-AM$16)^2+($C38-AM$17)^2+($D38-AM$18)^2) -> 2.8195485 | AN38: =SQRT(($B38-AN$16)^2+($C38-AN$17)^2+($D38-AN$18)^2) -> 2.867682 | AO38: =SQRT(($B38-AO$16)^2+($C38-AO$17)^2+($D38-AO$18)^2) -> 0.77298836 | AP38: =MATCH(MIN(AM38:AO38),AM38:AO38,0) -> 3 | AR38: =SQRT(($B38-AR$16)^2+($C38-AR$17)^2+($D38-AR$18)^2) -> 2.8195485 | AS38: =SQRT(($B38-AS$16)^2+($C38-AS$17)^2+($D38-AS$18)^2) -> 2.867682 | AT38: =SQRT(($B38-AT$16)^2+($C38-AT$17)^2+($D38-AT$18)^2) -> 0.77298836 | AU38: =MATCH(MIN(AR38:AT38),AR38:AT38,0) -> 3 | AW38: =SQRT(($B38-AW$16)^2+($C38-AW$17)^2+($D38-AW$18)^2) -> 2.8195485 | AX38: =SQRT(($B38-AX$16)^2+($C38-AX$17)^2+($D38-AX$18)^2) -> 2.867682 | AY38: =SQRT(($B38-AY$16)^2+($C38-AY$17)^2+($D38-AY$18)^2) -> 0.77298836 | AZ38: =MATCH(MIN(AW38:AY38),AW38:AY38,0) -> 3 | BB38: =SQRT(($B38-BB$16)^2+($C38-BB$17)^2+($D38-BB$18)^2) -> 2.8195485 | BC38: =SQRT(($B38-BC$16)^2+($C38-BC$17)^2+($D38-BC$18)^2) -> 2.867682 | BD38: =SQRT(($B38-BD$16)^2+($C38-BD$17)^2+($D38-BD$18)^2) -> 0.77298836 | BE38: =MATCH(MIN(BB38:BD38),BB38:BD38,0) -> 3 | BG38: =SQRT(($B38-BG$16)^2+($C38-BG$17)^2+($D38-BG$18)^2) -> 2.8195485 | BH38: =SQRT(($B38-BH$16)^2+($C38-BH$17)^2+($D38-BH$18)^2) -> 2.867682 | BI38: =SQRT(($B38-BI$16)^2+($C38-BI$17)^2+($D38-BI$18)^2) -> 0.77298836 | BJ38: =MATCH(MIN(BG38:BI38),BG38:BI38,0) -> 3 | BL38: =SQRT(($B38-BL$16)^2+($C38-BL$17)^2+($D38-BL$18)^2) -> 2.8195485 | BM38: =SQRT(($B38-BM$16)^2+($C38-BM$17)^2+($D38-BM$18)^2) -> 2.867682 | BN38: =SQRT(($B38-BN$16)^2+($C38-BN$17)^2+($D38-BN$18)^2) -> 0.77298836 | BO38: =MATCH(MIN(BL38:BN38),BL38:BN38,0) -> 3 | BQ38: =SQRT(($B38-BQ$16)^2+($C38-BQ$17)^2+($D38-BQ$18)^2) -> 2.8195485 | BR38: =SQRT(($B38-BR$16)^2+($C38-BR$17)^2+($D38-BR$18)^2) -> 2.867682 | BS38: =SQRT(($B38-BS$16)^2+($C38-BS$17)^2+($D38-BS$18)^2) -> 0.77298836 | BT38: =MATCH(MIN(BQ38:BS38),BQ38:BS38,0) -> 3 | BV38: =SQRT(($B38-BV$16)^2+($C38-BV$17)^2+($D38-BV$18)^2) -> 2.8195485 | BW38: =SQRT(($B38-BW$16)^2+($C38-BW$17)^2+($D38-BW$18)^2) -> 2.867682 | BX38: =SQRT(($B38-BX$16)^2+($C38-BX$17)^2+($D38-BX$18)^2) -> 0.77298836 | BY38: =MATCH(MIN(BV38:BX38),BV38:BX38,0) -> 3 | CA38: =SQRT(($B38-CA$16)^2+($C38-CA$17)^2+($D38-CA$18)^2) -> 2.8195485 | CB38: =SQRT(($B38-CB$16)^2+($C38-CB$17)^2+($D38-CB$18)^2) -> 2.867682 | CC38: =SQRT(($B38-CC$16)^2+($C38-CC$17)^2+($D38-CC$18)^2) -> 0.77298836 | CD38: =MATCH(MIN(CA38:CC38),CA38:CC38,0) -> 3
A39: =KMeans_Data!A21 -> Khairpur | B39: =KMeans_Data!H21 -> 0.88016218 | C39: =KMeans_Data!I21 -> 0.37868428 | D39: =KMeans_Data!J21 -> 1.5832084 | E39: =CD39 -> 3 | F39: =($B39-INDEX($L$16:$N$16,E39))^2+($C39-INDEX($L$17:$N$17,E39))^2+($D39-INDEX($L$18:$N$18,E39))^2 -> 0.90687284 | G39: =INDEX($M$5:$M$7,E39) -> Medium burden | H39: =IF(COUNTIF(Distance_Matrix!$E$9:$DQ$9,$E39)<=1,0,SUMIF(Distance_Matrix!$E$9:$DQ$9,$E39,Distance_Matrix!$E$30:$DQ$30)/(COUNTIF(Distance_Matrix!$E$9:$DQ$9,$E39)-1)) -> 1.2691491 | I39: =MIN(IF(1=$E39,1E+99,IF(COUNTIF(Distance_Matrix!$E$9:$DQ$9,1)=0,1E+99,SUMIF(Distance_Matrix!$E$9:$DQ$9,1,Distance_Matrix!$E$30:$DQ$30)/COUNTIF(Distance_Matrix!$E$9:$DQ$9,1))),IF(2=$E39,1E+99,IF(COUNTIF(Distance_Matrix!$E$9:$DQ$9,2)=0,1E+99,SUMIF(Distance_Matrix!$E$9:$DQ$9,2,Distance_Matrix!$E$30:$DQ$30)/COUNTIF(Distance_Matrix!$E$9:$DQ$9,2))),IF(3=$E39,1E+99,IF(COUNTIF(Distance_Matrix!$E$9:$DQ$9,3)=0,1E+99,SUMIF(Distance_Matrix!$E$9:$DQ$9,3,Distance_Matrix!$E$30:$DQ$30)/COUNTIF(Distance_Matrix!$E$9:$DQ$9,3)))) -> 3.0093645 | J39: =IF(COUNTIF(Distance_Matrix!$E$9:$DQ$9,$E39)<=1,0,(I39-H39)/MAX(H39,I39)) -> 0.57826674 | X39: =SQRT(($B39-X$16)^2+($C39-X$17)^2+($D39-X$18)^2) -> 4.6814538 | Y39: =SQRT(($B39-Y$16)^2+($C39-Y$17)^2+($D39-Y$18)^2) -> 4.1608833 | Z39: =SQRT(($B39-Z$16)^2+($C39-Z$17)^2+($D39-Z$18)^2) -> 0.19346464 | AA39: =MATCH(MIN(X39:Z39),X39:Z39,0) -> 3 | AC39: =SQRT(($B39-AC$16)^2+($C39-AC$17)^2+($D39-AC$18)^2) -> 3.7891552 | AD39: =SQRT(($B39-AD$16)^2+($C39-AD$17)^2+($D39-AD$18)^2) -> 3.0912089 | AE39: =SQRT(($B39-AE$16)^2+($C39-AE$17)^2+($D39-AE$18)^2) -> 1.0626428 | AF39: =MATCH(MIN(AC39:AE39),AC39:AE39,0) -> 3 | AH39: =SQRT(($B39-AH$16)^2+($C39-AH$17)^2+($D39-AH$18)^2) -> 3.1789787 | AI39: =SQRT(($B39-AI$16)^2+($C39-AI$17)^2+($D39-AI$18)^2) -> 2.9672166 | AJ39: =SQRT(($B39-AJ$16)^2+($C39-AJ$17)^2+($D39-AJ$18)^2) -> 0.96945194 | AK39: =MATCH(MIN(AH39:AJ39),AH39:AJ39,0) -> 3 | AM39: =SQRT(($B39-AM$16)^2+($C39-AM$17)^2+($D39-AM$18)^2) -> 3.1789787 | AN39: =SQRT(($B39-AN$16)^2+($C39-AN$17)^2+($D39-AN$18)^2) -> 2.9514848 | AO39: =SQRT(($B39-AO$16)^2+($C39-AO$17)^2+($D39-AO$18)^2) -> 0.95229871 | AP39: =MATCH(MIN(AM39:AO39),AM39:AO39,0) -> 3 | AR39: =SQRT(($B39-AR$16)^2+($C39-AR$17)^2+($D39-AR$18)^2) -> 3.1789787 | AS39: =SQRT(($B39-AS$16)^2+($C39-AS$17)^2+($D39-AS$18)^2) -> 2.9514848 | AT39: =SQRT(($B39-AT$16)^2+($C39-AT$17)^2+($D39-AT$18)^2) -> 0.95229871 | AU39: =MATCH(MIN(AR39:AT39),AR39:AT39,0) -> 3 | AW39: =SQRT(($B39-AW$16)^2+($C39-AW$17)^2+($D39-AW$18)^2) -> 3.1789787 | AX39: =SQRT(($B39-AX$16)^2+($C39-AX$17)^2+($D39-AX$18)^2) -> 2.9514848 | AY39: =SQRT(($B39-AY$16)^2+($C39-AY$17)^2+($D39-AY$18)^2) -> 0.95229871 | AZ39: =MATCH(MIN(AW39:AY39),AW39:AY39,0) -> 3 | BB39: =SQRT(($B39-BB$16)^2+($C39-BB$17)^2+($D39-BB$18)^2) -> 3.1789787 | BC39: =SQRT(($B39-BC$16)^2+($C39-BC$17)^2+($D39-BC$18)^2) -> 2.9514848 | BD39: =SQRT(($B39-BD$16)^2+($C39-BD$17)^2+($D39-BD$18)^2) -> 0.95229871 | BE39: =MATCH(MIN(BB39:BD39),BB39:BD39,0) -> 3 | BG39: =SQRT(($B39-BG$16)^2+($C39-BG$17)^2+($D39-BG$18)^2) -> 3.1789787 | BH39: =SQRT(($B39-BH$16)^2+($C39-BH$17)^2+($D39-BH$18)^2) -> 2.9514848 | BI39: =SQRT(($B39-BI$16)^2+($C39-BI$17)^2+($D39-BI$18)^2) -> 0.95229871 | BJ39: =MATCH(MIN(BG39:BI39),BG39:BI39,0) -> 3 | BL39: =SQRT(($B39-BL$16)^2+($C39-BL$17)^2+($D39-BL$18)^2) -> 3.1789787 | BM39: =SQRT(($B39-BM$16)^2+($C39-BM$17)^2+($D39-BM$18)^2) -> 2.9514848 | BN39: =SQRT(($B39-BN$16)^2+($C39-BN$17)^2+($D39-BN$18)^2) -> 0.95229871 | BO39: =MATCH(MIN(BL39:BN39),BL39:BN39,0) -> 3 | BQ39: =SQRT(($B39-BQ$16)^2+($C39-BQ$17)^2+($D39-BQ$18)^2) -> 3.1789787 | BR39: =SQRT(($B39-BR$16)^2+($C39-BR$17)^2+($D39-BR$18)^2) -> 2.9514848 | BS39: =SQRT(($B39-BS$16)^2+($C39-BS$17)^2+($D39-BS$18)^2) -> 0.95229871 | BT39: =MATCH(MIN(BQ39:BS39),BQ39:BS39,0) -> 3 | BV39: =SQRT(($B39-BV$16)^2+($C39-BV$17)^2+($D39-BV$18)^2) -> 3.1789787 | BW39: =SQRT(($B39-BW$16)^2+($C39-BW$17)^2+($D39-BW$18)^2) -> 2.9514848 | BX39: =SQRT(($B39-BX$16)^2+($C39-BX$17)^2+($D39-BX$18)^2) -> 0.95229871 | BY39: =MATCH(MIN(BV39:BX39),BV39:BX39,0) -> 3 | CA39: =SQRT(($B39-CA$16)^2+($C39-CA$17)^2+($D39-CA$18)^2) -> 3.1789787 | CB39: =SQRT(($B39-CB$16)^2+($C39-CB$17)^2+($D39-CB$18)^2) -> 2.9514848 | CC39: =SQRT(($B39-CC$16)^2+($C39-CC$17)^2+($D39-CC$18)^2) -> 0.95229871 | CD39: =MATCH(MIN(CA39:CC39),CA39:CC39,0) -> 3
